TransactionID,isFraud,TransactionDT,TransactionAmt,ProductCD,card1,card2,addr1,P_emaildomain
2987000,0,86400,490.38,H,19882.0,531.0,175.0,nan
2987001,1,86410,4231.98,H,14849.0,187.0,414.0,gmail.com
2987002,0,86420,206.07,S,19097.0,411.0,338.0,anonymous.com
2987003,0,86430,952.88,R,16864.0,,457.0,gmail.com
2987004,0,86440,446.77,C,18155.0,300.0,169.0,nan
2987005,0,86450,178.84,W,16474.0,593.0,268.0,outlook.com
2987006,0,86460,202.66,R,9724.0,150.0,433.0,hotmail.com
2987007,0,86470,284.31,R,5784.0,312.0,108.0,anonymous.com
2987008,0,86480,999.32,C,8036.0,254.0,145.0,hotmail.com
2987009,0,86490,271.67,C,1384.0,553.0,496.0,yahoo.com
2987010,0,86500,332.16,C,10956.0,535.0,212.0,anonymous.com
2987011,0,86510,661.03,W,10596.0,219.0,490.0,gmail.com
2987012,0,86520,297.49,C,10980.0,141.0,173.0,hotmail.com
2987013,0,86530,219.73,S,19507.0,414.0,244.0,nan
2987014,0,86540,162.84,R,18318.0,268.0,401.0,yahoo.com
2987015,0,86550,316.12,C,4073.0,436.0,363.0,anonymous.com
2987016,0,86560,110.39,R,8009.0,116.0,332.0,nan
2987017,0,86570,23.55,H,9055.0,167.0,312.0,yahoo.com
2987018,0,86580,805.62,H,7850.0,443.0,437.0,gmail.com
2987019,0,86590,142.21,C,16171.0,206.0,194.0,nan
2987020,0,86600,777.1,R,10957.0,529.0,277.0,anonymous.com
2987021,0,86610,798.55,H,11870.0,129.0,162.0,yahoo.com
2987022,1,86620,2647.99,H,17207.0,208.0,338.0,outlook.com
2987023,0,86630,313.13,R,16313.0,599.0,200.0,anonymous.com
2987024,0,86640,149.31,C,3512.0,317.0,234.0,anonymous.com
2987025,0,86650,738.12,R,14564.0,451.0,289.0,anonymous.com
2987026,0,86660,603.38,H,9273.0,191.0,111.0,anonymous.com
2987027,0,86670,657.18,C,6598.0,405.0,137.0,outlook.com
2987028,0,86680,13.63,H,1950.0,463.0,374.0,nan
2987029,1,86690,847.61,W,10258.0,257.0,272.0,nan
2987030,0,86700,70.96,W,7753.0,,446.0,nan
2987031,0,86710,369.97,H,5779.0,402.0,378.0,gmail.com
2987032,0,86720,405.7,H,14199.0,295.0,103.0,outlook.com
2987033,0,86730,6.35,S,15620.0,379.0,347.0,outlook.com
2987034,0,86740,499.6,H,5651.0,,137.0,yahoo.com
2987035,0,86750,754.04,R,1940.0,183.0,412.0,hotmail.com
2987036,0,86760,824.15,C,17126.0,301.0,497.0,nan
2987037,0,86770,880.0,W,1189.0,272.0,312.0,hotmail.com
2987038,0,86780,490.28,R,18805.0,,373.0,yahoo.com
2987039,0,86790,632.48,R,12925.0,481.0,195.0,outlook.com
2987040,0,86800,84.12,R,7115.0,341.0,275.0,yahoo.com
2987041,0,86810,490.6,R,5683.0,570.0,442.0,anonymous.com
2987042,0,86820,159.04,W,1171.0,247.0,167.0,yahoo.com
2987043,0,86830,372.79,S,5474.0,308.0,206.0,yahoo.com
2987044,0,86840,332.66,H,3617.0,493.0,278.0,anonymous.com
2987045,1,86850,1111.58,W,12631.0,,385.0,hotmail.com
2987046,0,86860,573.78,H,4164.0,374.0,250.0,anonymous.com
2987047,0,86870,903.36,H,11044.0,127.0,471.0,gmail.com
2987048,0,86880,397.51,R,12212.0,299.0,138.0,yahoo.com
2987049,0,86890,981.23,S,6663.0,235.0,248.0,yahoo.com
2987050,0,86900,760.23,H,1666.0,600.0,384.0,hotmail.com
2987051,0,86910,513.92,C,1708.0,254.0,190.0,outlook.com
2987052,0,86920,645.81,H,1501.0,,363.0,anonymous.com
2987053,0,86930,106.71,R,15043.0,438.0,166.0,outlook.com
2987054,0,86940,845.3,W,7042.0,270.0,122.0,gmail.com
2987055,0,86950,584.45,H,16130.0,372.0,148.0,anonymous.com
2987056,0,86960,986.14,S,9203.0,520.0,472.0,gmail.com
2987057,0,86970,638.25,C,9607.0,542.0,321.0,gmail.com
2987058,0,86980,834.94,C,10745.0,180.0,419.0,gmail.com
2987059,0,86990,800.76,W,14548.0,270.0,233.0,nan
2987060,0,87000,348.73,W,6197.0,268.0,337.0,anonymous.com
2987061,0,87010,263.31,H,3310.0,121.0,298.0,anonymous.com
2987062,0,87020,433.34,R,11565.0,399.0,478.0,nan
2987063,1,87030,4582.28,H,7213.0,527.0,399.0,hotmail.com
2987064,0,87040,243.88,C,9407.0,291.0,392.0,nan
2987065,0,87050,895.12,W,13292.0,470.0,119.0,yahoo.com
2987066,0,87060,544.84,S,10388.0,414.0,320.0,outlook.com
2987067,0,87070,978.55,R,12785.0,288.0,287.0,outlook.com
2987068,0,87080,810.97,C,11340.0,171.0,471.0,gmail.com
2987069,1,87090,2498.98,H,15056.0,455.0,203.0,anonymous.com
2987070,0,87100,947.31,R,14413.0,527.0,208.0,anonymous.com
2987071,0,87110,507.35,C,11150.0,,265.0,gmail.com
2987072,1,87120,4371.81,H,13899.0,109.0,197.0,yahoo.com
2987073,0,87130,361.35,C,17598.0,208.0,152.0,outlook.com
2987074,0,87140,381.75,H,9213.0,135.0,443.0,nan
2987075,0,87150,421.04,R,8842.0,,323.0,hotmail.com
2987076,0,87160,548.89,S,15521.0,478.0,445.0,yahoo.com
2987077,1,87170,2080.68,W,12069.0,,432.0,anonymous.com
2987078,0,87180,498.92,S,2349.0,,213.0,gmail.com
2987079,0,87190,309.47,C,17950.0,378.0,319.0,outlook.com
2987080,0,87200,927.57,S,1585.0,445.0,133.0,gmail.com
2987081,0,87210,590.64,H,15220.0,586.0,466.0,anonymous.com
2987082,0,87220,410.7,R,15417.0,142.0,262.0,gmail.com
2987083,1,87230,415.59,W,19109.0,,257.0,nan
2987084,0,87240,769.13,S,2029.0,163.0,221.0,outlook.com
2987085,0,87250,960.92,W,12340.0,296.0,284.0,gmail.com
2987086,0,87260,502.05,S,9129.0,526.0,201.0,outlook.com
2987087,0,87270,116.54,S,7282.0,553.0,250.0,gmail.com
2987088,0,87280,443.56,R,2716.0,353.0,420.0,gmail.com
2987089,0,87290,481.58,C,11690.0,397.0,434.0,outlook.com
2987090,0,87300,897.51,H,10102.0,,222.0,nan
2987091,0,87310,397.83,H,2987.0,,288.0,gmail.com
2987092,0,87320,953.56,H,12637.0,161.0,450.0,nan
2987093,0,87330,487.71,C,15021.0,505.0,121.0,yahoo.com
2987094,0,87340,973.91,W,15578.0,341.0,456.0,hotmail.com
2987095,0,87350,13.16,H,18202.0,325.0,188.0,yahoo.com
2987096,0,87360,899.32,W,8780.0,312.0,371.0,hotmail.com
2987097,0,87370,931.46,C,19108.0,355.0,333.0,yahoo.com
2987098,0,87380,961.22,C,17443.0,573.0,321.0,hotmail.com
2987099,1,87390,1018.02,H,6634.0,374.0,444.0,gmail.com
2987100,0,87400,175.84,H,4026.0,577.0,141.0,outlook.com
2987101,0,87410,655.5,R,9272.0,190.0,239.0,outlook.com
2987102,0,87420,30.35,H,8636.0,462.0,315.0,anonymous.com
2987103,0,87430,68.29,C,11939.0,506.0,425.0,hotmail.com
2987104,0,87440,224.97,C,12084.0,440.0,187.0,anonymous.com
2987105,0,87450,514.88,S,15250.0,403.0,421.0,nan
2987106,0,87460,548.17,S,10688.0,382.0,260.0,nan
2987107,0,87470,39.09,C,2992.0,530.0,176.0,anonymous.com
2987108,0,87480,174.52,C,17308.0,511.0,404.0,hotmail.com
2987109,0,87490,502.21,W,6886.0,161.0,136.0,outlook.com
2987110,0,87500,595.97,W,19455.0,524.0,306.0,hotmail.com
2987111,0,87510,152.66,R,3239.0,307.0,126.0,nan
2987112,0,87520,401.85,S,19207.0,227.0,243.0,gmail.com
2987113,0,87530,904.88,S,2729.0,535.0,340.0,anonymous.com
2987114,0,87540,998.9,C,5390.0,316.0,322.0,anonymous.com
2987115,0,87550,987.28,C,1885.0,504.0,262.0,nan
2987116,0,87560,882.27,R,14397.0,232.0,272.0,hotmail.com
2987117,0,87570,397.69,S,17156.0,102.0,191.0,anonymous.com
2987118,0,87580,688.14,W,9247.0,,282.0,outlook.com
2987119,0,87590,419.51,H,18642.0,150.0,481.0,anonymous.com
2987120,0,87600,650.28,R,12216.0,477.0,440.0,hotmail.com
2987121,0,87610,312.89,H,12970.0,238.0,158.0,nan
2987122,0,87620,608.17,W,17063.0,322.0,112.0,outlook.com
2987123,0,87630,526.14,W,6639.0,144.0,473.0,outlook.com
2987124,0,87640,29.36,H,7731.0,243.0,311.0,anonymous.com
2987125,0,87650,791.75,R,18213.0,491.0,315.0,hotmail.com
2987126,0,87660,16.84,H,18118.0,176.0,412.0,anonymous.com
2987127,0,87670,296.69,R,19553.0,,226.0,gmail.com
2987128,0,87680,10.89,R,18135.0,559.0,293.0,nan
2987129,0,87690,379.32,C,3420.0,440.0,487.0,gmail.com
2987130,0,87700,67.84,S,16651.0,506.0,369.0,outlook.com
2987131,0,87710,913.94,S,8787.0,154.0,161.0,anonymous.com
2987132,0,87720,418.6,W,19825.0,225.0,153.0,gmail.com
2987133,0,87730,462.2,C,9973.0,547.0,182.0,yahoo.com
2987134,0,87740,353.1,S,11523.0,458.0,407.0,gmail.com
2987135,0,87750,629.37,R,11066.0,420.0,218.0,anonymous.com
2987136,0,87760,785.49,R,7113.0,432.0,109.0,anonymous.com
2987137,0,87770,649.91,H,2425.0,307.0,478.0,nan
2987138,0,87780,749.47,H,18017.0,122.0,168.0,gmail.com
2987139,0,87790,906.44,R,16251.0,492.0,104.0,anonymous.com
2987140,0,87800,864.23,R,3651.0,439.0,195.0,anonymous.com
2987141,0,87810,675.69,H,15759.0,336.0,194.0,nan
2987142,1,87820,851.75,H,12891.0,550.0,269.0,nan
2987143,0,87830,639.51,W,8774.0,268.0,468.0,nan
2987144,0,87840,508.55,H,5826.0,247.0,452.0,nan
2987145,0,87850,718.63,S,17335.0,,283.0,yahoo.com
2987146,1,87860,4266.31,W,14304.0,,264.0,outlook.com
2987147,0,87870,744.01,S,11407.0,357.0,322.0,anonymous.com
2987148,0,87880,847.33,C,12582.0,165.0,197.0,hotmail.com
2987149,0,87890,68.55,C,2730.0,208.0,121.0,nan
2987150,0,87900,36.46,S,10004.0,428.0,476.0,outlook.com
2987151,0,87910,262.21,R,4680.0,293.0,175.0,nan
2987152,0,87920,901.16,C,4959.0,518.0,179.0,outlook.com
2987153,0,87930,824.54,H,13565.0,575.0,289.0,hotmail.com
2987154,0,87940,684.31,C,18314.0,503.0,297.0,gmail.com
2987155,0,87950,702.25,R,8671.0,289.0,107.0,yahoo.com
2987156,0,87960,728.04,W,4947.0,494.0,159.0,anonymous.com
2987157,0,87970,942.89,C,13326.0,276.0,251.0,gmail.com
2987158,0,87980,833.03,S,17553.0,184.0,373.0,hotmail.com
2987159,0,87990,625.27,S,15218.0,117.0,191.0,yahoo.com
2987160,0,88000,667.39,S,17506.0,293.0,269.0,yahoo.com
2987161,0,88010,217.67,W,11195.0,552.0,323.0,yahoo.com
2987162,0,88020,659.03,R,15286.0,,455.0,hotmail.com
2987163,0,88030,427.56,H,3661.0,203.0,230.0,nan
2987164,0,88040,157.2,R,7617.0,585.0,153.0,nan
2987165,0,88050,807.37,W,8401.0,113.0,296.0,nan
2987166,0,88060,512.7,S,10715.0,493.0,399.0,gmail.com
2987167,0,88070,977.54,R,18652.0,,144.0,anonymous.com
2987168,0,88080,285.27,H,17612.0,119.0,270.0,yahoo.com
2987169,0,88090,483.27,S,3556.0,559.0,107.0,yahoo.com
2987170,0,88100,450.76,H,4283.0,170.0,113.0,gmail.com
2987171,0,88110,125.18,C,7795.0,376.0,293.0,nan
2987172,0,88120,428.98,H,6524.0,237.0,219.0,yahoo.com
2987173,0,88130,291.12,S,12681.0,133.0,438.0,yahoo.com
2987174,0,88140,164.52,C,18153.0,125.0,341.0,hotmail.com
2987175,0,88150,285.74,S,19284.0,158.0,282.0,outlook.com
2987176,0,88160,237.09,S,13418.0,136.0,263.0,gmail.com
2987177,0,88170,735.4,C,16925.0,480.0,299.0,gmail.com
2987178,0,88180,35.62,H,10979.0,343.0,116.0,nan
2987179,0,88190,619.38,W,4958.0,271.0,457.0,gmail.com
2987180,0,88200,761.86,W,10969.0,309.0,499.0,nan
2987181,0,88210,483.32,W,11547.0,564.0,173.0,hotmail.com
2987182,0,88220,931.91,W,15107.0,,148.0,hotmail.com
2987183,0,88230,709.34,R,5178.0,,157.0,anonymous.com
2987184,0,88240,749.18,W,7998.0,542.0,364.0,nan
2987185,0,88250,200.95,C,7917.0,260.0,365.0,hotmail.com
2987186,0,88260,778.41,W,19229.0,291.0,439.0,nan
2987187,1,88270,1752.38,H,9435.0,407.0,401.0,gmail.com
2987188,0,88280,364.46,W,15347.0,412.0,280.0,anonymous.com
2987189,0,88290,217.3,H,15265.0,341.0,345.0,outlook.com
2987190,0,88300,388.13,C,6045.0,300.0,375.0,yahoo.com
2987191,0,88310,740.91,C,11866.0,593.0,305.0,yahoo.com
2987192,0,88320,420.55,R,17992.0,511.0,290.0,anonymous.com
2987193,0,88330,737.97,S,10029.0,317.0,358.0,nan
2987194,0,88340,118.0,C,18957.0,464.0,323.0,nan
2987195,0,88350,806.98,H,5075.0,235.0,358.0,nan
2987196,0,88360,256.94,W,2409.0,150.0,345.0,outlook.com
2987197,0,88370,252.68,C,17938.0,276.0,388.0,yahoo.com
2987198,0,88380,592.43,H,17106.0,301.0,357.0,anonymous.com
2987199,0,88390,74.77,W,19859.0,108.0,308.0,nan
2987200,0,88400,31.17,R,13908.0,507.0,373.0,hotmail.com
2987201,0,88410,264.72,C,18797.0,280.0,280.0,gmail.com
2987202,0,88420,540.38,C,16712.0,390.0,197.0,outlook.com
2987203,0,88430,908.08,H,17044.0,137.0,101.0,nan
2987204,0,88440,847.2,S,11814.0,187.0,324.0,yahoo.com
2987205,0,88450,492.99,R,8265.0,545.0,336.0,gmail.com
2987206,0,88460,41.87,S,18757.0,404.0,489.0,anonymous.com
2987207,0,88470,537.58,C,9210.0,575.0,245.0,nan
2987208,1,88480,2302.47,H,11238.0,,258.0,yahoo.com
2987209,0,88490,342.47,W,9476.0,286.0,181.0,gmail.com
2987210,0,88500,115.51,R,11732.0,249.0,128.0,hotmail.com
2987211,0,88510,282.18,S,9940.0,529.0,409.0,outlook.com
2987212,0,88520,772.73,W,1911.0,599.0,200.0,anonymous.com
2987213,0,88530,354.49,H,17759.0,415.0,344.0,yahoo.com
2987214,0,88540,812.92,S,9443.0,498.0,375.0,hotmail.com
2987215,0,88550,322.92,R,12190.0,491.0,288.0,outlook.com
2987216,0,88560,167.74,W,3645.0,278.0,451.0,outlook.com
2987217,0,88570,438.67,S,1064.0,387.0,278.0,hotmail.com
2987218,0,88580,455.01,H,5661.0,517.0,214.0,yahoo.com
2987219,0,88590,21.03,S,14387.0,444.0,458.0,outlook.com
2987220,0,88600,121.46,W,2885.0,111.0,445.0,anonymous.com
2987221,0,88610,189.0,S,18269.0,,166.0,gmail.com
2987222,0,88620,118.02,R,5085.0,,110.0,anonymous.com
2987223,0,88630,344.82,C,4887.0,216.0,136.0,nan
2987224,1,88640,369.68,W,4449.0,,215.0,outlook.com
2987225,0,88650,511.68,W,1266.0,118.0,489.0,gmail.com
2987226,0,88660,629.42,W,15664.0,210.0,323.0,hotmail.com
2987227,0,88670,359.6,W,17626.0,255.0,249.0,gmail.com
2987228,0,88680,326.87,S,12669.0,408.0,455.0,gmail.com
2987229,0,88690,28.03,R,4576.0,367.0,281.0,gmail.com
2987230,0,88700,502.83,H,6420.0,209.0,226.0,outlook.com
2987231,0,88710,486.19,R,10043.0,182.0,476.0,nan
2987232,0,88720,162.04,W,19133.0,218.0,440.0,nan
2987233,0,88730,765.5,S,5700.0,351.0,437.0,yahoo.com
2987234,0,88740,495.21,S,14901.0,236.0,305.0,nan
2987235,0,88750,342.3,W,9350.0,574.0,416.0,outlook.com
2987236,0,88760,151.17,S,6659.0,332.0,172.0,yahoo.com
2987237,0,88770,554.4,W,9662.0,129.0,329.0,hotmail.com
2987238,1,88780,210.76,H,2353.0,465.0,494.0,hotmail.com
2987239,0,88790,285.59,C,16175.0,264.0,216.0,hotmail.com
2987240,0,88800,222.7,S,5623.0,427.0,418.0,hotmail.com
2987241,0,88810,524.33,W,14783.0,240.0,296.0,hotmail.com
2987242,0,88820,159.57,W,2299.0,385.0,116.0,anonymous.com
2987243,0,88830,668.28,S,19147.0,486.0,405.0,outlook.com
2987244,0,88840,607.32,H,4667.0,564.0,167.0,yahoo.com
2987245,0,88850,91.65,W,17772.0,231.0,353.0,hotmail.com
2987246,0,88860,41.34,S,16380.0,267.0,134.0,anonymous.com
2987247,1,88870,3661.63,W,19389.0,332.0,479.0,nan
2987248,0,88880,297.82,H,10080.0,564.0,217.0,anonymous.com
2987249,0,88890,91.01,C,14821.0,551.0,191.0,anonymous.com
2987250,0,88900,760.63,H,8044.0,145.0,152.0,outlook.com
2987251,0,88910,317.47,R,4503.0,166.0,478.0,hotmail.com
2987252,0,88920,462.3,S,9418.0,348.0,385.0,anonymous.com
2987253,0,88930,240.63,H,4149.0,153.0,397.0,anonymous.com
2987254,0,88940,629.18,C,19659.0,273.0,300.0,hotmail.com
2987255,0,88950,304.98,W,2829.0,174.0,290.0,outlook.com
2987256,0,88960,968.18,S,12195.0,418.0,144.0,anonymous.com
2987257,0,88970,704.43,H,12903.0,575.0,324.0,yahoo.com
2987258,0,88980,141.04,C,11224.0,598.0,199.0,gmail.com
2987259,0,88990,419.61,H,13582.0,288.0,491.0,nan
2987260,1,89000,2163.57,W,3207.0,400.0,419.0,gmail.com
2987261,0,89010,536.58,S,11545.0,528.0,265.0,gmail.com
2987262,0,89020,842.72,W,6457.0,159.0,161.0,outlook.com
2987263,0,89030,585.5,C,18863.0,445.0,414.0,anonymous.com
2987264,0,89040,66.25,H,15479.0,304.0,149.0,gmail.com
2987265,0,89050,657.14,S,19478.0,203.0,176.0,gmail.com
2987266,0,89060,13.22,H,1714.0,301.0,185.0,nan
2987267,0,89070,781.06,S,6418.0,,323.0,hotmail.com
2987268,0,89080,668.3,R,4713.0,448.0,415.0,anonymous.com
2987269,0,89090,312.24,H,1212.0,226.0,226.0,anonymous.com
2987270,0,89100,295.98,R,5604.0,,134.0,nan
2987271,0,89110,799.28,C,13897.0,161.0,286.0,hotmail.com
2987272,0,89120,784.42,R,5391.0,,399.0,anonymous.com
2987273,0,89130,355.54,S,10671.0,347.0,189.0,yahoo.com
2987274,0,89140,302.45,C,17869.0,386.0,188.0,nan
2987275,0,89150,562.03,H,14181.0,385.0,479.0,outlook.com
2987276,1,89160,3593.78,H,8498.0,305.0,482.0,hotmail.com
2987277,0,89170,87.25,S,8077.0,196.0,496.0,nan
2987278,0,89180,130.54,W,9659.0,473.0,423.0,gmail.com
2987279,0,89190,189.48,W,4364.0,164.0,175.0,anonymous.com
2987280,0,89200,514.46,H,13046.0,152.0,185.0,yahoo.com
2987281,0,89210,992.28,S,7919.0,455.0,236.0,yahoo.com
2987282,1,89220,1200.84,W,17195.0,204.0,227.0,outlook.com
2987283,0,89230,65.99,R,15375.0,253.0,483.0,nan
2987284,0,89240,527.95,H,12600.0,338.0,416.0,yahoo.com
2987285,0,89250,499.16,R,7920.0,325.0,390.0,nan
2987286,0,89260,148.45,S,4989.0,454.0,174.0,anonymous.com
2987287,0,89270,920.67,R,15747.0,412.0,464.0,anonymous.com
2987288,0,89280,443.56,W,10242.0,422.0,431.0,yahoo.com
2987289,0,89290,994.59,W,5270.0,457.0,165.0,anonymous.com
2987290,0,89300,422.97,C,4708.0,246.0,448.0,nan
2987291,0,89310,609.92,H,4143.0,261.0,209.0,anonymous.com
2987292,0,89320,109.24,S,15766.0,319.0,132.0,gmail.com
2987293,0,89330,456.96,H,5351.0,254.0,363.0,nan
2987294,0,89340,242.57,R,11006.0,592.0,362.0,hotmail.com
2987295,0,89350,836.39,S,9579.0,507.0,138.0,anonymous.com
2987296,0,89360,785.0,S,12013.0,182.0,228.0,anonymous.com
2987297,0,89370,825.06,W,17666.0,,497.0,nan
2987298,0,89380,724.99,R,17487.0,121.0,371.0,outlook.com
2987299,0,89390,833.52,W,9570.0,222.0,392.0,hotmail.com
2987300,0,89400,204.82,W,1292.0,157.0,185.0,hotmail.com
2987301,0,89410,454.78,C,9102.0,,132.0,hotmail.com
2987302,0,89420,693.39,W,12518.0,529.0,211.0,yahoo.com
2987303,0,89430,639.21,H,11598.0,468.0,200.0,gmail.com
2987304,0,89440,717.77,S,13375.0,,194.0,gmail.com
2987305,0,89450,228.14,W,3927.0,300.0,177.0,outlook.com
2987306,0,89460,102.94,H,13284.0,354.0,330.0,hotmail.com
2987307,0,89470,917.22,R,4470.0,505.0,231.0,hotmail.com
2987308,0,89480,562.37,S,15260.0,520.0,428.0,anonymous.com
2987309,0,89490,158.06,R,7443.0,555.0,174.0,nan
2987310,0,89500,794.47,H,14488.0,355.0,286.0,yahoo.com
2987311,0,89510,915.36,R,1909.0,447.0,105.0,yahoo.com
2987312,0,89520,173.72,R,8749.0,156.0,293.0,outlook.com
2987313,0,89530,818.33,R,14396.0,383.0,122.0,gmail.com
2987314,0,89540,933.56,W,5311.0,224.0,491.0,hotmail.com
2987315,0,89550,938.67,W,16110.0,316.0,416.0,nan
2987316,0,89560,914.59,W,12985.0,417.0,296.0,outlook.com
2987317,0,89570,548.69,S,12164.0,228.0,135.0,yahoo.com
2987318,0,89580,359.43,H,7717.0,126.0,337.0,yahoo.com
2987319,0,89590,12.24,W,10167.0,105.0,404.0,yahoo.com
2987320,0,89600,65.61,R,12350.0,111.0,176.0,hotmail.com
2987321,0,89610,431.69,R,9977.0,104.0,327.0,hotmail.com
2987322,0,89620,402.33,R,14268.0,155.0,426.0,hotmail.com
2987323,0,89630,188.79,R,9240.0,220.0,407.0,anonymous.com
2987324,0,89640,398.5,C,4843.0,211.0,421.0,gmail.com
2987325,0,89650,178.78,S,5065.0,593.0,452.0,yahoo.com
2987326,0,89660,849.55,H,1110.0,253.0,475.0,yahoo.com
2987327,0,89670,301.7,H,6718.0,164.0,262.0,anonymous.com
2987328,0,89680,600.57,W,15229.0,373.0,328.0,yahoo.com
2987329,0,89690,505.33,C,16089.0,529.0,416.0,yahoo.com
2987330,0,89700,56.62,H,4847.0,439.0,379.0,hotmail.com
2987331,0,89710,942.52,S,19222.0,248.0,498.0,hotmail.com
2987332,0,89720,529.59,R,10546.0,381.0,105.0,gmail.com
2987333,0,89730,328.43,W,18423.0,457.0,242.0,yahoo.com
2987334,0,89740,162.34,S,14429.0,464.0,212.0,outlook.com
2987335,0,89750,341.83,H,14726.0,433.0,205.0,yahoo.com
2987336,0,89760,25.41,C,2616.0,535.0,189.0,yahoo.com
2987337,0,89770,366.74,W,5180.0,,384.0,gmail.com
2987338,0,89780,533.83,H,1167.0,389.0,134.0,outlook.com
2987339,0,89790,872.51,W,14606.0,315.0,397.0,yahoo.com
2987340,0,89800,688.94,H,7544.0,421.0,377.0,nan
2987341,0,89810,116.02,R,15946.0,509.0,200.0,nan
2987342,0,89820,152.01,C,7440.0,103.0,201.0,outlook.com
2987343,0,89830,430.98,R,16567.0,596.0,352.0,nan
2987344,0,89840,199.73,H,3483.0,191.0,405.0,hotmail.com
2987345,0,89850,32.71,S,4294.0,335.0,451.0,hotmail.com
2987346,0,89860,805.99,R,7477.0,536.0,441.0,outlook.com
2987347,0,89870,24.42,S,8761.0,213.0,486.0,yahoo.com
2987348,0,89880,831.54,H,7625.0,338.0,333.0,outlook.com
2987349,0,89890,148.38,C,15509.0,166.0,463.0,nan
2987350,0,89900,974.81,S,2842.0,298.0,423.0,outlook.com
2987351,0,89910,605.85,H,7673.0,189.0,458.0,nan
2987352,0,89920,736.31,S,16908.0,,105.0,hotmail.com
2987353,0,89930,114.93,R,2269.0,287.0,486.0,outlook.com
2987354,0,89940,862.79,H,18905.0,,289.0,anonymous.com
2987355,0,89950,840.0,R,19740.0,597.0,419.0,nan
2987356,0,89960,654.73,W,2683.0,157.0,151.0,anonymous.com
2987357,0,89970,504.76,H,6534.0,463.0,258.0,hotmail.com
2987358,0,89980,722.88,S,8076.0,126.0,209.0,yahoo.com
2987359,0,89990,10.9,W,15751.0,115.0,217.0,nan
2987360,0,90000,594.48,R,12323.0,153.0,149.0,yahoo.com
2987361,0,90010,848.17,R,13243.0,583.0,422.0,hotmail.com
2987362,0,90020,360.12,S,15393.0,570.0,104.0,yahoo.com
2987363,0,90030,112.75,W,3242.0,197.0,225.0,nan
2987364,0,90040,423.77,C,16831.0,,170.0,gmail.com
2987365,0,90050,728.47,S,14407.0,,336.0,nan
2987366,0,90060,111.76,R,11969.0,358.0,202.0,nan
2987367,0,90070,210.02,H,17905.0,385.0,204.0,anonymous.com
2987368,0,90080,151.81,W,14306.0,211.0,295.0,gmail.com
2987369,0,90090,797.96,C,4832.0,478.0,361.0,gmail.com
2987370,0,90100,67.58,H,9165.0,255.0,149.0,gmail.com
2987371,0,90110,688.15,W,10387.0,561.0,170.0,nan
2987372,0,90120,369.62,S,2049.0,428.0,199.0,hotmail.com
2987373,0,90130,757.01,S,19138.0,318.0,489.0,gmail.com
2987374,1,90140,4769.26,W,3443.0,495.0,259.0,outlook.com
2987375,0,90150,118.97,C,14252.0,509.0,340.0,yahoo.com
2987376,0,90160,317.81,W,10618.0,245.0,197.0,hotmail.com
2987377,0,90170,811.07,H,1487.0,270.0,296.0,outlook.com
2987378,0,90180,269.83,H,18570.0,,130.0,nan
2987379,0,90190,219.04,S,17185.0,182.0,114.0,nan
2987380,0,90200,826.25,W,10961.0,121.0,287.0,outlook.com
2987381,0,90210,987.15,S,5350.0,327.0,259.0,anonymous.com
2987382,0,90220,559.1,C,3311.0,501.0,155.0,anonymous.com
2987383,0,90230,281.66,H,7904.0,486.0,375.0,outlook.com
2987384,0,90240,401.57,R,5853.0,560.0,497.0,anonymous.com
2987385,1,90250,3333.03,H,10627.0,367.0,258.0,yahoo.com
2987386,0,90260,763.08,W,19362.0,150.0,350.0,yahoo.com
2987387,0,90270,774.61,W,11924.0,394.0,485.0,nan
2987388,0,90280,875.75,R,17909.0,489.0,433.0,anonymous.com
2987389,0,90290,31.47,W,13367.0,147.0,285.0,gmail.com
2987390,0,90300,564.17,H,10030.0,186.0,395.0,outlook.com
2987391,0,90310,218.18,C,17238.0,106.0,151.0,yahoo.com
2987392,0,90320,344.18,C,9956.0,397.0,305.0,anonymous.com
2987393,0,90330,786.03,S,17504.0,543.0,212.0,anonymous.com
2987394,0,90340,196.07,H,6540.0,435.0,164.0,yahoo.com
2987395,0,90350,640.15,W,3447.0,591.0,271.0,yahoo.com
2987396,0,90360,656.29,W,17251.0,132.0,152.0,gmail.com
2987397,0,90370,954.32,S,12161.0,552.0,380.0,anonymous.com
2987398,0,90380,776.29,S,17893.0,507.0,282.0,anonymous.com
2987399,0,90390,804.62,W,18819.0,,312.0,hotmail.com
2987400,0,90400,533.94,W,2019.0,587.0,159.0,nan
2987401,0,90410,190.85,H,10518.0,244.0,156.0,gmail.com
2987402,0,90420,428.44,S,8124.0,545.0,333.0,yahoo.com
2987403,0,90430,551.74,H,12891.0,540.0,494.0,yahoo.com
2987404,0,90440,680.03,W,16078.0,479.0,139.0,outlook.com
2987405,0,90450,609.67,R,6331.0,382.0,214.0,nan
2987406,0,90460,397.01,R,11579.0,160.0,448.0,yahoo.com
2987407,0,90470,268.99,W,14466.0,366.0,129.0,anonymous.com
2987408,0,90480,172.39,S,3554.0,278.0,450.0,yahoo.com
2987409,0,90490,695.38,R,16467.0,496.0,310.0,anonymous.com
2987410,0,90500,647.17,S,12516.0,479.0,263.0,anonymous.com
2987411,0,90510,688.94,R,19041.0,555.0,224.0,gmail.com
2987412,0,90520,375.66,S,7451.0,107.0,219.0,yahoo.com
2987413,0,90530,266.1,R,3055.0,505.0,222.0,gmail.com
2987414,0,90540,760.92,S,10624.0,569.0,454.0,nan
2987415,0,90550,774.78,H,2630.0,495.0,390.0,anonymous.com
2987416,0,90560,458.34,S,19421.0,165.0,368.0,nan
2987417,0,90570,613.84,H,1735.0,141.0,419.0,yahoo.com
2987418,0,90580,376.65,H,15317.0,110.0,203.0,nan
2987419,0,90590,703.44,W,10977.0,414.0,347.0,nan
2987420,0,90600,836.54,H,8004.0,415.0,284.0,yahoo.com
2987421,0,90610,689.79,C,2251.0,593.0,413.0,gmail.com
2987422,0,90620,515.02,H,12821.0,299.0,224.0,gmail.com
2987423,0,90630,461.36,S,12119.0,266.0,357.0,anonymous.com
2987424,0,90640,644.11,H,6337.0,,453.0,anonymous.com
2987425,0,90650,681.41,S,18294.0,513.0,261.0,yahoo.com
2987426,0,90660,560.94,S,6778.0,568.0,127.0,yahoo.com
2987427,0,90670,626.82,C,9545.0,502.0,306.0,hotmail.com
2987428,0,90680,101.11,H,11331.0,313.0,238.0,hotmail.com
2987429,0,90690,952.01,H,2904.0,417.0,369.0,outlook.com
2987430,0,90700,791.82,R,18711.0,528.0,480.0,anonymous.com
2987431,0,90710,377.06,R,8116.0,345.0,294.0,nan
2987432,0,90720,565.0,W,2535.0,208.0,286.0,outlook.com
2987433,0,90730,52.09,S,8359.0,185.0,362.0,outlook.com
2987434,0,90740,46.02,C,12404.0,100.0,141.0,gmail.com
2987435,0,90750,254.54,R,10759.0,459.0,201.0,nan
2987436,0,90760,691.25,H,14196.0,,468.0,gmail.com
2987437,0,90770,852.89,W,2054.0,222.0,368.0,hotmail.com
2987438,0,90780,561.39,C,6406.0,249.0,105.0,outlook.com
2987439,0,90790,534.47,H,16565.0,380.0,182.0,hotmail.com
2987440,0,90800,405.3,H,2518.0,299.0,373.0,nan
2987441,0,90810,165.79,S,17254.0,437.0,406.0,nan
2987442,0,90820,122.76,S,2746.0,128.0,436.0,anonymous.com
2987443,0,90830,761.88,R,16855.0,162.0,217.0,yahoo.com
2987444,0,90840,927.87,R,7855.0,350.0,472.0,gmail.com
2987445,0,90850,460.99,H,12632.0,268.0,321.0,anonymous.com
2987446,0,90860,661.15,H,3905.0,248.0,379.0,anonymous.com
2987447,0,90870,914.89,R,2257.0,134.0,339.0,gmail.com
2987448,0,90880,94.66,R,5103.0,548.0,149.0,gmail.com
2987449,0,90890,771.63,H,3429.0,446.0,485.0,nan
2987450,0,90900,618.73,C,6936.0,,149.0,nan
2987451,0,90910,600.64,H,10773.0,133.0,202.0,outlook.com
2987452,0,90920,296.08,C,12186.0,587.0,425.0,hotmail.com
2987453,0,90930,685.47,C,16007.0,,347.0,nan
2987454,0,90940,795.82,H,13469.0,309.0,435.0,anonymous.com
2987455,0,90950,117.29,W,12566.0,451.0,306.0,outlook.com
2987456,0,90960,535.85,R,8824.0,478.0,251.0,outlook.com
2987457,0,90970,105.76,S,10002.0,490.0,469.0,anonymous.com
2987458,0,90980,873.21,H,8876.0,339.0,115.0,nan
2987459,0,90990,510.1,C,17001.0,315.0,442.0,anonymous.com
2987460,0,91000,808.93,H,5370.0,106.0,192.0,yahoo.com
2987461,0,91010,371.25,R,1109.0,563.0,439.0,nan
2987462,0,91020,129.45,C,13375.0,402.0,156.0,hotmail.com
2987463,0,91030,46.29,S,4847.0,202.0,332.0,anonymous.com
2987464,0,91040,285.1,S,17912.0,560.0,455.0,nan
2987465,0,91050,248.01,S,17322.0,557.0,289.0,gmail.com
2987466,0,91060,562.55,W,2458.0,595.0,399.0,yahoo.com
2987467,0,91070,26.63,C,3021.0,537.0,422.0,hotmail.com
2987468,0,91080,522.97,C,10408.0,599.0,395.0,nan
2987469,0,91090,394.81,W,12575.0,,470.0,gmail.com
2987470,0,91100,579.24,C,6223.0,521.0,279.0,nan
2987471,0,91110,703.91,W,14619.0,512.0,169.0,gmail.com
2987472,0,91120,635.92,H,12303.0,215.0,119.0,hotmail.com
2987473,0,91130,984.72,R,7172.0,149.0,199.0,yahoo.com
2987474,0,91140,142.57,S,1482.0,590.0,157.0,gmail.com
2987475,0,91150,432.59,W,15253.0,248.0,323.0,outlook.com
2987476,0,91160,427.71,W,5080.0,535.0,174.0,hotmail.com
2987477,0,91170,419.97,W,16855.0,102.0,116.0,hotmail.com
2987478,0,91180,665.48,H,8986.0,111.0,114.0,anonymous.com
2987479,0,91190,492.38,W,11964.0,333.0,433.0,yahoo.com
2987480,0,91200,519.85,R,17586.0,219.0,337.0,outlook.com
2987481,0,91210,435.19,R,17409.0,445.0,243.0,outlook.com
2987482,0,91220,991.74,S,8059.0,383.0,458.0,anonymous.com
2987483,0,91230,927.92,H,4969.0,139.0,128.0,gmail.com
2987484,0,91240,311.19,R,15728.0,181.0,492.0,gmail.com
2987485,0,91250,116.04,C,9229.0,294.0,347.0,outlook.com
2987486,0,91260,840.57,C,4649.0,193.0,173.0,yahoo.com
2987487,0,91270,997.18,C,18184.0,496.0,372.0,gmail.com
2987488,0,91280,296.15,W,4764.0,,405.0,hotmail.com
2987489,0,91290,361.0,W,1490.0,147.0,272.0,nan
2987490,0,91300,941.93,C,1385.0,342.0,445.0,anonymous.com
2987491,0,91310,712.57,S,12824.0,145.0,160.0,yahoo.com
2987492,0,91320,299.16,S,13572.0,164.0,212.0,gmail.com
2987493,0,91330,583.14,W,6910.0,,137.0,nan
2987494,0,91340,944.51,C,7080.0,530.0,184.0,outlook.com
2987495,1,91350,3468.12,W,7450.0,562.0,195.0,anonymous.com
2987496,0,91360,743.12,W,13923.0,513.0,467.0,gmail.com
2987497,0,91370,738.31,C,2105.0,267.0,131.0,outlook.com
2987498,0,91380,182.13,H,18653.0,236.0,271.0,gmail.com
2987499,0,91390,825.56,C,5228.0,375.0,313.0,anonymous.com
2987500,0,91400,279.74,C,19994.0,,459.0,hotmail.com
2987501,0,91410,930.71,R,4259.0,597.0,499.0,hotmail.com
2987502,0,91420,367.82,R,15659.0,166.0,401.0,nan
2987503,0,91430,858.37,H,5245.0,125.0,488.0,outlook.com
2987504,0,91440,269.9,H,2536.0,447.0,415.0,hotmail.com
2987505,0,91450,516.95,C,17624.0,516.0,485.0,anonymous.com
2987506,0,91460,111.35,S,17316.0,523.0,383.0,outlook.com
2987507,0,91470,661.82,H,8668.0,439.0,132.0,gmail.com
2987508,0,91480,836.9,C,14346.0,577.0,261.0,yahoo.com
2987509,0,91490,719.86,W,11584.0,356.0,359.0,gmail.com
2987510,0,91500,525.64,R,17206.0,557.0,240.0,anonymous.com
2987511,0,91510,49.89,S,6986.0,,209.0,nan
2987512,0,91520,933.77,C,10950.0,,331.0,outlook.com
2987513,0,91530,706.96,W,10222.0,255.0,473.0,gmail.com
2987514,0,91540,747.13,R,7724.0,198.0,114.0,outlook.com
2987515,0,91550,795.71,W,17938.0,,408.0,hotmail.com
2987516,0,91560,749.0,C,4152.0,327.0,389.0,yahoo.com
2987517,0,91570,443.91,H,3841.0,539.0,486.0,anonymous.com
2987518,0,91580,734.95,R,11961.0,150.0,472.0,gmail.com
2987519,0,91590,626.9,W,13492.0,229.0,405.0,yahoo.com
2987520,0,91600,854.75,H,4698.0,476.0,308.0,anonymous.com
2987521,0,91610,803.45,S,8424.0,147.0,182.0,anonymous.com
2987522,0,91620,46.17,C,18985.0,260.0,318.0,nan
2987523,0,91630,381.99,C,5686.0,294.0,406.0,hotmail.com
2987524,0,91640,39.54,R,13699.0,411.0,458.0,nan
2987525,0,91650,106.56,W,15063.0,179.0,416.0,nan
2987526,0,91660,603.4,S,9514.0,530.0,178.0,outlook.com
2987527,0,91670,874.45,R,18813.0,,340.0,outlook.com
2987528,0,91680,124.23,R,14996.0,,233.0,yahoo.com
2987529,0,91690,453.83,W,9701.0,334.0,104.0,hotmail.com
2987530,0,91700,911.32,S,11817.0,238.0,180.0,anonymous.com
2987531,0,91710,815.23,W,14160.0,171.0,145.0,hotmail.com
2987532,0,91720,522.07,C,12252.0,102.0,437.0,hotmail.com
2987533,0,91730,772.71,H,17695.0,,203.0,yahoo.com
2987534,0,91740,525.08,C,7781.0,154.0,214.0,outlook.com
2987535,0,91750,162.3,C,6698.0,296.0,484.0,hotmail.com
2987536,1,91760,2086.48,W,5063.0,395.0,252.0,hotmail.com
2987537,0,91770,192.43,C,1718.0,238.0,104.0,hotmail.com
2987538,0,91780,354.17,S,1817.0,,214.0,gmail.com
2987539,0,91790,930.88,C,17531.0,487.0,148.0,hotmail.com
2987540,0,91800,800.68,S,13889.0,,141.0,hotmail.com
2987541,0,91810,435.64,W,13550.0,150.0,131.0,anonymous.com
2987542,0,91820,495.61,R,12678.0,178.0,337.0,nan
2987543,0,91830,269.28,S,17135.0,,176.0,gmail.com
2987544,0,91840,705.83,C,10125.0,119.0,244.0,hotmail.com
2987545,0,91850,803.75,R,17538.0,589.0,445.0,nan
2987546,0,91860,242.71,R,7829.0,102.0,270.0,hotmail.com
2987547,1,91870,2329.58,H,18607.0,537.0,466.0,yahoo.com
2987548,0,91880,625.77,S,14274.0,254.0,299.0,yahoo.com
2987549,0,91890,564.7,H,5886.0,569.0,260.0,nan
2987550,1,91900,169.59,W,11718.0,,400.0,gmail.com
2987551,0,91910,645.67,R,11128.0,427.0,129.0,anonymous.com
2987552,0,91920,552.86,H,3620.0,,136.0,gmail.com
2987553,0,91930,254.33,C,12234.0,221.0,361.0,gmail.com
2987554,0,91940,400.74,W,6981.0,487.0,295.0,yahoo.com
2987555,0,91950,430.97,R,1995.0,,416.0,yahoo.com
2987556,0,91960,880.85,W,19024.0,564.0,467.0,anonymous.com
2987557,0,91970,961.1,H,13188.0,314.0,255.0,hotmail.com
2987558,0,91980,893.54,S,17661.0,535.0,339.0,anonymous.com
2987559,0,91990,720.58,R,13845.0,324.0,300.0,hotmail.com
2987560,0,92000,587.07,H,7783.0,590.0,493.0,nan
2987561,0,92010,690.82,C,10741.0,580.0,432.0,nan
2987562,0,92020,939.41,R,13839.0,265.0,465.0,outlook.com
2987563,0,92030,253.75,R,19245.0,543.0,202.0,yahoo.com
2987564,0,92040,537.44,S,5820.0,524.0,409.0,outlook.com
2987565,0,92050,691.16,R,17625.0,205.0,206.0,outlook.com
2987566,1,92060,4556.36,H,18557.0,412.0,183.0,yahoo.com
2987567,0,92070,256.02,H,13738.0,136.0,478.0,outlook.com
2987568,0,92080,588.8,C,18694.0,518.0,108.0,gmail.com
2987569,0,92090,796.93,C,8560.0,187.0,486.0,hotmail.com
2987570,0,92100,477.7,R,19107.0,135.0,160.0,anonymous.com
2987571,0,92110,794.33,R,14353.0,300.0,428.0,yahoo.com
2987572,0,92120,363.08,H,1798.0,388.0,210.0,gmail.com
2987573,0,92130,939.07,S,18231.0,527.0,240.0,nan
2987574,0,92140,536.26,C,10205.0,587.0,187.0,anonymous.com
2987575,0,92150,597.97,S,9746.0,320.0,334.0,anonymous.com
2987576,0,92160,36.2,H,11763.0,,239.0,anonymous.com
2987577,0,92170,174.42,C,3838.0,,363.0,outlook.com
2987578,0,92180,634.77,C,9914.0,383.0,106.0,outlook.com
2987579,0,92190,422.77,W,16791.0,324.0,126.0,outlook.com
2987580,0,92200,510.62,H,1294.0,255.0,140.0,outlook.com
2987581,0,92210,67.66,H,6185.0,351.0,268.0,gmail.com
2987582,0,92220,834.96,W,1047.0,269.0,426.0,outlook.com
2987583,0,92230,785.58,S,8899.0,479.0,455.0,yahoo.com
2987584,0,92240,189.43,W,14838.0,,198.0,anonymous.com
2987585,0,92250,636.16,H,16177.0,,330.0,gmail.com
2987586,0,92260,819.22,S,18959.0,372.0,407.0,nan
2987587,0,92270,642.65,C,12562.0,219.0,216.0,outlook.com
2987588,0,92280,313.85,W,5838.0,526.0,264.0,nan
2987589,0,92290,657.83,S,18559.0,379.0,310.0,anonymous.com
2987590,0,92300,214.41,S,15731.0,203.0,154.0,gmail.com
2987591,0,92310,321.66,S,11914.0,412.0,110.0,anonymous.com
2987592,0,92320,243.87,W,14217.0,279.0,161.0,nan
2987593,0,92330,559.14,C,18562.0,522.0,351.0,gmail.com
2987594,0,92340,112.69,S,14535.0,327.0,129.0,hotmail.com
2987595,1,92350,1826.94,H,7999.0,463.0,176.0,gmail.com
2987596,0,92360,336.84,H,14548.0,148.0,235.0,outlook.com
2987597,0,92370,222.88,W,1765.0,298.0,131.0,nan
2987598,0,92380,499.07,W,8342.0,592.0,177.0,anonymous.com
2987599,0,92390,280.61,W,8720.0,504.0,465.0,anonymous.com
2987600,0,92400,537.23,S,4170.0,180.0,108.0,anonymous.com
2987601,1,92410,867.57,H,1439.0,239.0,361.0,yahoo.com
2987602,0,92420,136.41,H,3534.0,265.0,254.0,yahoo.com
2987603,0,92430,269.57,S,13438.0,425.0,369.0,outlook.com
2987604,0,92440,441.25,H,16243.0,478.0,335.0,hotmail.com
2987605,0,92450,35.14,R,19776.0,,189.0,yahoo.com
2987606,0,92460,771.79,W,7581.0,355.0,439.0,gmail.com
2987607,0,92470,623.72,S,12388.0,505.0,297.0,nan
2987608,0,92480,603.35,S,18806.0,,429.0,outlook.com
2987609,0,92490,548.32,W,4174.0,162.0,262.0,hotmail.com
2987610,0,92500,592.36,C,14635.0,382.0,494.0,gmail.com
2987611,0,92510,934.98,C,15345.0,576.0,408.0,anonymous.com
2987612,1,92520,2602.62,H,2691.0,496.0,486.0,yahoo.com
2987613,0,92530,52.56,W,17364.0,389.0,306.0,gmail.com
2987614,0,92540,195.54,W,16449.0,423.0,289.0,hotmail.com
2987615,0,92550,171.46,R,1635.0,565.0,402.0,outlook.com
2987616,0,92560,185.29,C,2731.0,314.0,452.0,gmail.com
2987617,0,92570,673.58,C,1933.0,266.0,486.0,outlook.com
2987618,0,92580,462.19,W,7360.0,589.0,230.0,anonymous.com
2987619,0,92590,991.82,H,10676.0,532.0,419.0,hotmail.com
2987620,0,92600,230.75,W,11115.0,262.0,184.0,hotmail.com
2987621,0,92610,314.28,H,6086.0,332.0,318.0,yahoo.com
2987622,0,92620,984.32,C,18320.0,308.0,172.0,nan
2987623,0,92630,832.6,R,7997.0,175.0,239.0,hotmail.com
2987624,0,92640,472.45,S,1865.0,579.0,473.0,gmail.com
2987625,0,92650,556.82,C,6704.0,302.0,158.0,gmail.com
2987626,0,92660,843.96,H,11091.0,538.0,353.0,gmail.com
2987627,0,92670,483.58,W,8756.0,195.0,337.0,anonymous.com
2987628,0,92680,209.99,C,6203.0,374.0,148.0,hotmail.com
2987629,0,92690,829.3,R,3495.0,112.0,230.0,hotmail.com
2987630,0,92700,540.08,H,16564.0,482.0,325.0,gmail.com
2987631,0,92710,157.28,W,19927.0,390.0,175.0,yahoo.com
2987632,0,92720,508.06,S,7261.0,413.0,420.0,yahoo.com
2987633,0,92730,416.14,H,8251.0,126.0,489.0,hotmail.com
2987634,1,92740,2285.14,H,12743.0,206.0,186.0,hotmail.com
2987635,0,92750,130.43,S,14650.0,137.0,175.0,outlook.com
2987636,0,92760,875.83,W,8449.0,,282.0,hotmail.com
2987637,0,92770,514.65,S,18194.0,414.0,399.0,gmail.com
2987638,0,92780,407.34,S,11640.0,383.0,213.0,nan
2987639,0,92790,166.16,S,9557.0,406.0,108.0,anonymous.com
2987640,0,92800,702.31,W,13287.0,375.0,316.0,hotmail.com
2987641,0,92810,927.17,S,19103.0,237.0,483.0,hotmail.com
2987642,0,92820,378.5,H,16096.0,222.0,257.0,gmail.com
2987643,0,92830,245.38,R,1760.0,169.0,268.0,outlook.com
2987644,0,92840,557.09,R,7314.0,525.0,488.0,nan
2987645,0,92850,797.21,S,9940.0,408.0,378.0,hotmail.com
2987646,0,92860,8.75,R,6976.0,193.0,388.0,yahoo.com
2987647,0,92870,633.22,R,14304.0,189.0,325.0,yahoo.com
2987648,0,92880,598.53,S,16699.0,,490.0,yahoo.com
2987649,0,92890,321.56,S,14896.0,471.0,376.0,anonymous.com
2987650,0,92900,454.17,H,19797.0,430.0,458.0,anonymous.com
2987651,0,92910,250.73,C,6178.0,303.0,380.0,nan
2987652,0,92920,790.94,W,17625.0,231.0,394.0,hotmail.com
2987653,0,92930,636.36,S,15566.0,590.0,216.0,hotmail.com
2987654,0,92940,535.05,S,7881.0,499.0,221.0,hotmail.com
2987655,0,92950,395.56,R,14948.0,251.0,413.0,anonymous.com
2987656,0,92960,294.93,H,2977.0,524.0,219.0,nan
2987657,0,92970,823.62,R,15997.0,479.0,325.0,hotmail.com
2987658,0,92980,454.15,S,11114.0,249.0,200.0,gmail.com
2987659,0,92990,503.94,S,6554.0,313.0,427.0,outlook.com
2987660,0,93000,523.22,R,13460.0,193.0,144.0,yahoo.com
2987661,0,93010,451.13,S,13191.0,156.0,432.0,yahoo.com
2987662,0,93020,259.81,C,4980.0,461.0,341.0,gmail.com
2987663,0,93030,124.74,W,1578.0,,175.0,hotmail.com
2987664,0,93040,103.04,W,9239.0,510.0,317.0,nan
2987665,0,93050,758.68,W,11821.0,598.0,213.0,nan
2987666,0,93060,227.41,C,17656.0,138.0,229.0,anonymous.com
2987667,0,93070,60.39,S,18636.0,337.0,241.0,hotmail.com
2987668,0,93080,798.53,R,11047.0,501.0,125.0,nan
2987669,0,93090,158.29,H,15322.0,494.0,494.0,hotmail.com
2987670,0,93100,627.02,S,9347.0,480.0,113.0,yahoo.com
2987671,0,93110,341.95,C,15176.0,274.0,365.0,yahoo.com
2987672,0,93120,130.85,C,4891.0,,248.0,anonymous.com
2987673,0,93130,417.41,W,8050.0,,358.0,yahoo.com
2987674,0,93140,19.73,S,13050.0,587.0,242.0,hotmail.com
2987675,0,93150,841.84,W,1345.0,264.0,370.0,gmail.com
2987676,0,93160,515.93,H,14727.0,,392.0,anonymous.com
2987677,0,93170,143.46,W,16875.0,235.0,376.0,gmail.com
2987678,0,93180,240.8,H,8584.0,595.0,146.0,hotmail.com
2987679,0,93190,450.74,C,9511.0,435.0,363.0,anonymous.com
2987680,0,93200,192.93,W,17174.0,332.0,212.0,gmail.com
2987681,0,93210,272.26,W,15737.0,407.0,112.0,anonymous.com
2987682,0,93220,536.71,R,6475.0,236.0,266.0,hotmail.com
2987683,0,93230,833.45,C,7156.0,237.0,273.0,nan
2987684,0,93240,404.83,R,13899.0,157.0,287.0,anonymous.com
2987685,0,93250,718.39,H,11701.0,157.0,382.0,nan
2987686,0,93260,877.3,H,4082.0,274.0,224.0,hotmail.com
2987687,0,93270,220.22,C,6889.0,481.0,226.0,anonymous.com
2987688,0,93280,808.16,H,18100.0,,124.0,anonymous.com
2987689,0,93290,758.62,C,14075.0,151.0,375.0,nan
2987690,0,93300,360.15,H,19734.0,,327.0,yahoo.com
2987691,0,93310,989.57,S,15573.0,401.0,240.0,nan
2987692,0,93320,266.26,W,18898.0,580.0,382.0,nan
2987693,0,93330,258.53,S,5108.0,435.0,315.0,nan
2987694,0,93340,773.4,C,15658.0,,288.0,hotmail.com
2987695,0,93350,437.48,C,1384.0,337.0,305.0,outlook.com
2987696,0,93360,334.14,S,13744.0,424.0,355.0,nan
2987697,0,93370,182.77,W,9916.0,114.0,364.0,anonymous.com
2987698,0,93380,766.51,W,7588.0,107.0,216.0,gmail.com
2987699,0,93390,787.39,R,17386.0,165.0,156.0,yahoo.com
2987700,0,93400,568.73,H,17231.0,226.0,163.0,nan
2987701,0,93410,957.53,R,1424.0,315.0,356.0,nan
2987702,0,93420,321.57,W,12581.0,,449.0,yahoo.com
2987703,0,93430,223.52,S,7989.0,,264.0,nan
2987704,0,93440,679.08,H,8898.0,437.0,168.0,anonymous.com
2987705,0,93450,759.62,S,16809.0,398.0,403.0,outlook.com
2987706,0,93460,228.78,R,6887.0,,433.0,nan
2987707,0,93470,81.23,C,18918.0,107.0,452.0,yahoo.com
2987708,0,93480,811.46,S,4413.0,139.0,343.0,nan
2987709,0,93490,976.62,R,13592.0,296.0,444.0,hotmail.com
2987710,0,93500,646.45,R,13770.0,177.0,106.0,anonymous.com
2987711,0,93510,281.48,R,5792.0,288.0,143.0,anonymous.com
2987712,0,93520,996.69,C,7170.0,414.0,137.0,outlook.com
2987713,0,93530,893.8,C,16861.0,374.0,385.0,hotmail.com
2987714,0,93540,515.81,C,15474.0,,128.0,hotmail.com
2987715,0,93550,826.19,H,7253.0,272.0,299.0,outlook.com
2987716,0,93560,816.74,C,11145.0,,289.0,gmail.com
2987717,0,93570,935.12,C,2172.0,530.0,224.0,nan
2987718,0,93580,841.72,C,4966.0,477.0,448.0,hotmail.com
2987719,0,93590,645.46,S,10231.0,377.0,168.0,gmail.com
2987720,0,93600,611.26,C,2634.0,281.0,241.0,gmail.com
2987721,0,93610,470.02,H,17023.0,283.0,410.0,anonymous.com
2987722,0,93620,628.35,R,14642.0,540.0,112.0,nan
2987723,0,93630,796.24,S,18929.0,120.0,369.0,anonymous.com
2987724,0,93640,969.19,W,14176.0,594.0,427.0,yahoo.com
2987725,0,93650,469.95,C,18868.0,432.0,473.0,anonymous.com
2987726,0,93660,575.78,R,11536.0,441.0,451.0,hotmail.com
2987727,0,93670,447.58,R,12404.0,119.0,228.0,hotmail.com
2987728,0,93680,670.15,S,19562.0,403.0,335.0,nan
2987729,0,93690,631.77,W,13200.0,342.0,131.0,gmail.com
2987730,0,93700,22.74,H,1585.0,153.0,203.0,hotmail.com
2987731,0,93710,543.46,R,14752.0,,138.0,anonymous.com
2987732,0,93720,93.04,R,18204.0,,226.0,anonymous.com
2987733,0,93730,31.25,R,16116.0,375.0,450.0,nan
2987734,0,93740,792.24,R,12093.0,307.0,239.0,anonymous.com
2987735,0,93750,262.36,S,13755.0,136.0,325.0,outlook.com
2987736,0,93760,343.95,W,19814.0,457.0,273.0,nan
2987737,0,93770,68.76,R,2723.0,451.0,284.0,nan
2987738,0,93780,183.6,H,13678.0,407.0,488.0,hotmail.com
2987739,0,93790,766.78,H,6385.0,355.0,218.0,nan
2987740,0,93800,496.06,C,13162.0,317.0,351.0,yahoo.com
2987741,0,93810,881.27,R,12545.0,397.0,268.0,hotmail.com
2987742,0,93820,400.26,R,3916.0,217.0,124.0,hotmail.com
2987743,0,93830,272.36,R,4928.0,,296.0,outlook.com
2987744,0,93840,350.86,R,12811.0,394.0,425.0,hotmail.com
2987745,0,93850,714.21,R,3436.0,256.0,140.0,gmail.com
2987746,1,93860,1216.43,H,6038.0,325.0,128.0,anonymous.com
2987747,0,93870,904.67,W,16870.0,503.0,161.0,anonymous.com
2987748,0,93880,604.16,W,7215.0,181.0,406.0,nan
2987749,0,93890,495.55,C,10273.0,246.0,390.0,outlook.com
2987750,0,93900,786.82,H,18882.0,440.0,326.0,anonymous.com
2987751,0,93910,947.8,R,5316.0,,287.0,gmail.com
2987752,0,93920,359.07,W,8403.0,496.0,455.0,outlook.com
2987753,1,93930,3960.91,W,12523.0,165.0,407.0,yahoo.com
2987754,0,93940,618.14,S,15351.0,481.0,425.0,anonymous.com
2987755,0,93950,501.38,S,18131.0,134.0,425.0,hotmail.com
2987756,0,93960,989.24,R,18394.0,106.0,357.0,gmail.com
2987757,0,93970,465.05,R,15756.0,549.0,283.0,gmail.com
2987758,0,93980,78.96,C,5338.0,391.0,446.0,anonymous.com
2987759,0,93990,977.48,C,1471.0,276.0,470.0,nan
2987760,0,94000,844.37,C,8292.0,216.0,110.0,yahoo.com
2987761,0,94010,182.36,S,3689.0,408.0,121.0,hotmail.com
2987762,0,94020,905.08,R,14497.0,355.0,483.0,yahoo.com
2987763,1,94030,3561.21,W,13561.0,596.0,211.0,yahoo.com
2987764,0,94040,380.23,C,1835.0,592.0,449.0,anonymous.com
2987765,0,94050,906.86,R,16895.0,,256.0,hotmail.com
2987766,0,94060,532.46,H,5726.0,321.0,148.0,anonymous.com
2987767,0,94070,142.07,W,9212.0,346.0,132.0,anonymous.com
2987768,0,94080,372.21,W,13691.0,441.0,163.0,nan
2987769,0,94090,723.49,C,9159.0,151.0,200.0,gmail.com
2987770,0,94100,178.31,S,9384.0,264.0,295.0,nan
2987771,0,94110,592.28,H,2247.0,138.0,381.0,nan
2987772,0,94120,696.8,R,8627.0,137.0,495.0,anonymous.com
2987773,0,94130,347.13,S,15532.0,198.0,277.0,nan
2987774,0,94140,695.41,C,18388.0,343.0,307.0,nan
2987775,0,94150,884.79,S,8856.0,492.0,309.0,outlook.com
2987776,0,94160,474.76,C,9048.0,343.0,316.0,hotmail.com
2987777,0,94170,385.99,W,14350.0,268.0,307.0,gmail.com
2987778,0,94180,254.9,W,18913.0,141.0,104.0,hotmail.com
2987779,0,94190,606.18,S,6074.0,375.0,101.0,gmail.com
2987780,0,94200,880.45,H,9363.0,236.0,139.0,outlook.com
2987781,1,94210,1625.74,W,16123.0,,141.0,anonymous.com
2987782,0,94220,399.25,C,12584.0,589.0,382.0,gmail.com
2987783,0,94230,409.59,R,3101.0,156.0,182.0,gmail.com
2987784,0,94240,563.01,W,12927.0,,458.0,gmail.com
2987785,0,94250,232.27,H,4548.0,337.0,471.0,outlook.com
2987786,0,94260,823.1,H,10694.0,584.0,490.0,hotmail.com
2987787,0,94270,299.12,R,11053.0,486.0,476.0,outlook.com
2987788,0,94280,706.84,W,17648.0,549.0,209.0,gmail.com
2987789,0,94290,515.65,R,9787.0,267.0,304.0,nan
2987790,0,94300,587.97,S,6309.0,596.0,170.0,gmail.com
2987791,0,94310,183.71,H,5388.0,151.0,422.0,nan
2987792,0,94320,736.35,H,17611.0,126.0,455.0,anonymous.com
2987793,0,94330,192.68,S,4249.0,528.0,441.0,outlook.com
2987794,0,94340,117.91,W,9092.0,564.0,273.0,nan
2987795,0,94350,548.95,H,4556.0,145.0,403.0,outlook.com
2987796,1,94360,4862.43,H,15693.0,157.0,139.0,yahoo.com
2987797,0,94370,54.79,C,10013.0,117.0,116.0,hotmail.com
2987798,0,94380,74.05,W,7672.0,152.0,401.0,yahoo.com
2987799,0,94390,803.67,S,7861.0,205.0,270.0,nan
2987800,0,94400,809.99,R,17192.0,585.0,498.0,yahoo.com
2987801,0,94410,249.08,W,11522.0,434.0,139.0,hotmail.com
2987802,0,94420,617.15,R,14639.0,489.0,442.0,nan
2987803,0,94430,445.96,W,18044.0,488.0,292.0,anonymous.com
2987804,0,94440,634.53,C,18133.0,368.0,431.0,anonymous.com
2987805,0,94450,863.56,S,7242.0,499.0,427.0,hotmail.com
2987806,0,94460,84.46,C,19097.0,398.0,466.0,hotmail.com
2987807,0,94470,779.09,S,1473.0,,219.0,nan
2987808,0,94480,495.56,R,8160.0,381.0,480.0,outlook.com
2987809,0,94490,566.31,W,18020.0,,161.0,nan
2987810,0,94500,655.66,H,6218.0,512.0,133.0,outlook.com
2987811,0,94510,923.01,H,6189.0,591.0,273.0,outlook.com
2987812,0,94520,61.44,S,6750.0,306.0,431.0,outlook.com
2987813,0,94530,34.33,S,12634.0,482.0,289.0,nan
2987814,0,94540,182.37,C,9328.0,150.0,432.0,gmail.com
2987815,0,94550,986.52,H,14808.0,488.0,392.0,gmail.com
2987816,0,94560,716.5,C,18003.0,286.0,184.0,anonymous.com
2987817,0,94570,616.57,R,13810.0,,480.0,gmail.com
2987818,0,94580,51.8,H,4885.0,282.0,124.0,gmail.com
2987819,0,94590,879.71,R,18721.0,405.0,459.0,outlook.com
2987820,0,94600,813.69,W,6025.0,160.0,222.0,outlook.com
2987821,0,94610,666.48,C,3848.0,562.0,300.0,hotmail.com
2987822,0,94620,342.44,S,2709.0,139.0,269.0,outlook.com
2987823,0,94630,75.15,H,11704.0,565.0,169.0,nan
2987824,1,94640,2252.13,W,3161.0,454.0,243.0,hotmail.com
2987825,0,94650,721.1,S,3637.0,265.0,177.0,hotmail.com
2987826,0,94660,98.77,W,6701.0,295.0,182.0,gmail.com
2987827,0,94670,635.6,H,6351.0,470.0,175.0,outlook.com
2987828,0,94680,289.93,R,12481.0,401.0,296.0,gmail.com
2987829,0,94690,765.42,W,16518.0,436.0,419.0,outlook.com
2987830,0,94700,541.92,S,15466.0,295.0,328.0,gmail.com
2987831,0,94710,133.39,H,5987.0,344.0,457.0,gmail.com
2987832,0,94720,528.89,H,5661.0,,355.0,gmail.com
2987833,0,94730,398.76,W,19350.0,207.0,376.0,nan
2987834,0,94740,184.45,H,1156.0,309.0,367.0,anonymous.com
2987835,0,94750,842.31,S,17715.0,246.0,280.0,gmail.com
2987836,0,94760,15.97,W,4795.0,483.0,376.0,yahoo.com
2987837,0,94770,315.57,R,18998.0,482.0,128.0,yahoo.com
2987838,0,94780,17.53,W,7504.0,246.0,444.0,yahoo.com
2987839,0,94790,100.53,W,9367.0,141.0,411.0,nan
2987840,0,94800,300.61,R,14435.0,106.0,198.0,hotmail.com
2987841,0,94810,59.0,S,12166.0,314.0,407.0,gmail.com
2987842,0,94820,598.65,C,7041.0,305.0,105.0,yahoo.com
2987843,0,94830,91.43,C,11523.0,594.0,187.0,nan
2987844,1,94840,2502.09,H,14883.0,,126.0,hotmail.com
2987845,0,94850,57.38,S,1804.0,228.0,412.0,yahoo.com
2987846,0,94860,64.01,H,1213.0,546.0,402.0,outlook.com
2987847,0,94870,308.8,R,9703.0,346.0,425.0,anonymous.com
2987848,0,94880,897.09,C,3505.0,400.0,102.0,gmail.com
2987849,1,94890,3859.12,H,13623.0,148.0,300.0,anonymous.com
2987850,0,94900,771.28,W,5067.0,,382.0,anonymous.com
2987851,0,94910,145.84,S,9224.0,572.0,162.0,outlook.com
2987852,0,94920,834.95,S,4756.0,395.0,360.0,outlook.com
2987853,0,94930,13.11,C,11421.0,272.0,134.0,outlook.com
2987854,0,94940,216.99,C,3205.0,413.0,173.0,hotmail.com
2987855,0,94950,618.01,H,1439.0,555.0,290.0,yahoo.com
2987856,0,94960,378.37,H,1972.0,237.0,361.0,gmail.com
2987857,0,94970,984.27,R,19131.0,353.0,158.0,outlook.com
2987858,0,94980,35.19,W,3703.0,579.0,174.0,nan
2987859,0,94990,998.61,H,14461.0,186.0,182.0,gmail.com
2987860,0,95000,625.51,C,2291.0,460.0,195.0,gmail.com
2987861,0,95010,560.91,S,3055.0,407.0,191.0,gmail.com
2987862,0,95020,64.21,R,10669.0,440.0,258.0,outlook.com
2987863,1,95030,872.75,W,9833.0,276.0,362.0,outlook.com
2987864,0,95040,925.04,S,19080.0,257.0,275.0,yahoo.com
2987865,0,95050,357.47,S,18952.0,442.0,410.0,outlook.com
2987866,0,95060,663.34,H,15813.0,208.0,388.0,outlook.com
2987867,0,95070,999.5,W,12440.0,310.0,151.0,gmail.com
2987868,0,95080,266.75,W,9644.0,194.0,120.0,yahoo.com
2987869,0,95090,578.2,R,7767.0,104.0,451.0,anonymous.com
2987870,1,95100,851.15,W,18995.0,585.0,132.0,outlook.com
2987871,0,95110,168.8,R,12455.0,316.0,159.0,nan
2987872,0,95120,152.93,C,12002.0,585.0,109.0,outlook.com
2987873,0,95130,459.03,H,5406.0,170.0,351.0,anonymous.com
2987874,0,95140,388.88,S,1887.0,394.0,333.0,gmail.com
2987875,0,95150,715.64,R,18959.0,200.0,495.0,yahoo.com
2987876,0,95160,74.16,W,6961.0,,455.0,gmail.com
2987877,0,95170,972.31,R,9409.0,492.0,264.0,hotmail.com
2987878,0,95180,19.21,R,3178.0,156.0,249.0,outlook.com
2987879,0,95190,603.31,W,16902.0,556.0,219.0,nan
2987880,0,95200,564.82,W,1525.0,197.0,161.0,hotmail.com
2987881,0,95210,139.04,H,16846.0,406.0,155.0,outlook.com
2987882,0,95220,155.16,S,3665.0,593.0,153.0,hotmail.com
2987883,0,95230,793.71,H,17845.0,541.0,146.0,anonymous.com
2987884,0,95240,888.12,H,14866.0,578.0,196.0,outlook.com
2987885,0,95250,286.6,W,4129.0,271.0,223.0,nan
2987886,0,95260,440.77,W,11751.0,153.0,485.0,outlook.com
2987887,0,95270,358.22,S,6940.0,194.0,331.0,hotmail.com
2987888,0,95280,77.18,R,4386.0,350.0,495.0,yahoo.com
2987889,0,95290,674.84,H,17324.0,497.0,249.0,hotmail.com
2987890,0,95300,826.07,S,8667.0,175.0,283.0,outlook.com
2987891,1,95310,1336.12,H,8572.0,430.0,230.0,outlook.com
2987892,0,95320,990.22,R,4228.0,,173.0,yahoo.com
2987893,0,95330,80.47,H,8278.0,271.0,157.0,gmail.com
2987894,1,95340,4156.36,H,17561.0,431.0,478.0,yahoo.com
2987895,0,95350,450.99,S,7899.0,333.0,495.0,gmail.com
2987896,0,95360,449.37,W,19080.0,506.0,118.0,nan
2987897,0,95370,460.36,H,18980.0,178.0,160.0,outlook.com
2987898,0,95380,262.39,S,3753.0,495.0,269.0,anonymous.com
2987899,0,95390,716.99,S,4369.0,132.0,175.0,anonymous.com
2987900,0,95400,722.97,H,17391.0,197.0,246.0,hotmail.com
2987901,0,95410,285.99,W,8462.0,428.0,152.0,yahoo.com
2987902,0,95420,836.13,W,1083.0,527.0,283.0,yahoo.com
2987903,0,95430,320.26,H,6204.0,226.0,209.0,anonymous.com
2987904,0,95440,726.47,S,12355.0,264.0,241.0,gmail.com
2987905,1,95450,435.66,W,16186.0,,138.0,yahoo.com
2987906,1,95460,1855.62,H,3534.0,206.0,271.0,gmail.com
2987907,0,95470,319.22,H,3100.0,,493.0,gmail.com
2987908,0,95480,595.9,H,18520.0,487.0,232.0,gmail.com
2987909,0,95490,647.28,S,15272.0,173.0,451.0,gmail.com
2987910,0,95500,399.37,W,12206.0,332.0,437.0,hotmail.com
2987911,0,95510,82.45,S,15615.0,487.0,481.0,hotmail.com
2987912,0,95520,376.77,C,9148.0,269.0,416.0,anonymous.com
2987913,0,95530,690.32,W,15411.0,417.0,364.0,hotmail.com
2987914,0,95540,672.64,S,8064.0,125.0,443.0,nan
2987915,0,95550,164.4,W,5638.0,404.0,130.0,yahoo.com
2987916,0,95560,12.75,C,14851.0,176.0,285.0,nan
2987917,0,95570,754.22,R,8974.0,515.0,496.0,hotmail.com
2987918,0,95580,110.84,H,19646.0,278.0,408.0,yahoo.com
2987919,0,95590,86.94,S,7640.0,241.0,485.0,yahoo.com
2987920,0,95600,7.69,C,18513.0,520.0,412.0,gmail.com
2987921,0,95610,435.44,C,18726.0,125.0,450.0,anonymous.com
2987922,0,95620,505.75,W,5595.0,298.0,383.0,gmail.com
2987923,0,95630,639.48,W,16166.0,,404.0,gmail.com
2987924,0,95640,299.58,H,9228.0,242.0,309.0,nan
2987925,0,95650,711.87,W,18433.0,556.0,470.0,hotmail.com
2987926,0,95660,173.49,S,9552.0,475.0,430.0,nan
2987927,0,95670,832.83,S,15142.0,132.0,438.0,hotmail.com
2987928,0,95680,573.99,S,9872.0,457.0,369.0,nan
2987929,0,95690,585.97,R,5328.0,364.0,222.0,yahoo.com
2987930,0,95700,213.73,S,4788.0,550.0,114.0,hotmail.com
2987931,0,95710,78.74,W,9083.0,,474.0,hotmail.com
2987932,0,95720,467.4,W,15354.0,387.0,334.0,nan
2987933,0,95730,617.53,S,12496.0,350.0,219.0,outlook.com
2987934,0,95740,99.57,C,14084.0,345.0,160.0,yahoo.com
2987935,0,95750,950.78,C,6364.0,328.0,432.0,yahoo.com
2987936,0,95760,980.51,C,10147.0,203.0,435.0,outlook.com
2987937,0,95770,547.73,H,1844.0,478.0,426.0,nan
2987938,0,95780,950.32,R,16533.0,326.0,358.0,nan
2987939,0,95790,183.55,S,19808.0,579.0,246.0,yahoo.com
2987940,0,95800,30.29,H,8731.0,230.0,222.0,nan
2987941,0,95810,44.21,C,1208.0,,103.0,anonymous.com
2987942,0,95820,589.57,S,4226.0,570.0,433.0,anonymous.com
2987943,0,95830,66.33,H,13398.0,432.0,135.0,outlook.com
2987944,0,95840,958.75,W,12630.0,536.0,352.0,hotmail.com
2987945,0,95850,146.22,C,15969.0,,302.0,anonymous.com
2987946,0,95860,308.2,H,5824.0,280.0,311.0,nan
2987947,0,95870,823.41,W,15509.0,400.0,471.0,outlook.com
2987948,0,95880,222.65,C,14072.0,178.0,113.0,anonymous.com
2987949,0,95890,246.75,R,7133.0,,409.0,gmail.com
2987950,0,95900,644.1,C,11364.0,,121.0,outlook.com
2987951,0,95910,279.71,R,3798.0,472.0,115.0,yahoo.com
2987952,0,95920,221.36,R,9599.0,364.0,272.0,anonymous.com
2987953,0,95930,257.91,R,17743.0,306.0,125.0,yahoo.com
2987954,0,95940,493.19,S,9003.0,234.0,416.0,outlook.com
2987955,0,95950,966.27,S,16952.0,599.0,312.0,anonymous.com
2987956,0,95960,833.08,R,12215.0,136.0,112.0,yahoo.com
2987957,0,95970,288.19,W,4646.0,122.0,116.0,hotmail.com
2987958,0,95980,366.56,R,12041.0,209.0,345.0,hotmail.com
2987959,0,95990,467.19,H,10614.0,586.0,422.0,gmail.com
2987960,0,96000,979.03,R,8574.0,590.0,275.0,nan
2987961,0,96010,176.53,S,3273.0,427.0,322.0,outlook.com
2987962,1,96020,863.82,W,8917.0,540.0,420.0,nan
2987963,0,96030,730.78,H,2382.0,,344.0,nan
2987964,0,96040,964.12,H,2877.0,586.0,190.0,yahoo.com
2987965,0,96050,159.9,C,8902.0,171.0,345.0,gmail.com
2987966,0,96060,231.24,W,6802.0,151.0,351.0,outlook.com
2987967,0,96070,229.57,W,18585.0,,394.0,hotmail.com
2987968,0,96080,25.83,W,8138.0,387.0,348.0,nan
2987969,0,96090,606.1,S,15399.0,490.0,488.0,yahoo.com
2987970,0,96100,672.35,W,11075.0,283.0,179.0,nan
2987971,1,96110,1294.83,H,14378.0,589.0,480.0,anonymous.com
2987972,0,96120,75.97,C,5942.0,317.0,315.0,hotmail.com
2987973,0,96130,73.88,W,18896.0,175.0,369.0,nan
2987974,0,96140,214.33,H,11072.0,333.0,140.0,anonymous.com
2987975,0,96150,293.84,C,16795.0,440.0,252.0,anonymous.com
2987976,0,96160,787.61,H,7936.0,516.0,408.0,yahoo.com
2987977,0,96170,163.59,S,2904.0,329.0,383.0,yahoo.com
2987978,0,96180,48.87,C,13801.0,397.0,116.0,anonymous.com
2987979,0,96190,397.02,H,1147.0,234.0,319.0,gmail.com
2987980,1,96200,3568.52,H,10031.0,423.0,135.0,nan
2987981,0,96210,453.65,S,4663.0,593.0,498.0,anonymous.com
2987982,0,96220,827.77,R,12920.0,125.0,459.0,anonymous.com
2987983,0,96230,102.52,R,19609.0,543.0,108.0,yahoo.com
2987984,0,96240,705.42,W,9824.0,381.0,443.0,nan
2987985,0,96250,341.26,S,16532.0,226.0,468.0,outlook.com
2987986,0,96260,313.43,S,10648.0,577.0,241.0,hotmail.com
2987987,0,96270,932.88,S,10421.0,342.0,388.0,yahoo.com
2987988,0,96280,252.23,S,18678.0,266.0,277.0,nan
2987989,0,96290,644.32,R,17909.0,191.0,362.0,nan
2987990,0,96300,278.75,H,15930.0,222.0,236.0,gmail.com
2987991,0,96310,509.61,S,6629.0,516.0,229.0,hotmail.com
2987992,1,96320,2390.96,W,11355.0,407.0,270.0,yahoo.com
2987993,0,96330,882.31,S,5254.0,557.0,158.0,yahoo.com
2987994,0,96340,839.5,C,9434.0,216.0,432.0,outlook.com
2987995,0,96350,584.27,C,10200.0,161.0,239.0,gmail.com
2987996,0,96360,252.57,C,16801.0,103.0,260.0,gmail.com
2987997,1,96370,4310.03,W,18025.0,354.0,458.0,nan
2987998,0,96380,711.36,H,8878.0,599.0,299.0,nan
2987999,0,96390,15.64,R,1336.0,447.0,318.0,yahoo.com
