step,type,amount,nameOrig,oldbalanceOrg,newbalanceOrig,nameDest,oldbalanceDest,newbalanceDest,isFraud,isFlaggedFraud
7,CASH_OUT,436669.6,C97116625,781187.22,344517.62,C45626603,738930.46,956567.34,0,0
4,CASH_IN,80890.49,C77340278,138656.66,57766.17,M38814268,29169.89,361273.4,0,0
8,PAYMENT,393140.12,C89948588,1276644.48,883504.36,M49014820,541238.21,971261.47,0,0
5,CASH_IN,287297.95,C37229553,1466007.24,1178709.29,M68713308,52907.43,1408351.11,0,0
7,CASH_OUT,283292.02,C93693742,1352250.8,1068958.78,C64875988,701144.22,59581.01,0,0
3,CASH_OUT,195527.47,C79510974,276870.99,81343.52,C20867948,55727.99,19558.76,0,0
7,PAYMENT,250581.49,C11643083,1157680.34,907098.85,M32889456,911727.85,150245.82,0,0
8,DEBIT,198595.42,C53958766,1138968.97,940373.55,M78309210,702082.57,1071320.12,0,0
5,TRANSFER,662152.64,C21791470,1736821.58,0.0,C25115750,507389.77,1708910.17,1,0
4,CASH_OUT,313978.75,C36576632,758255.32,444276.57,C89481292,441503.92,9768.93,0,0
8,CASH_OUT,337155.16,C15050058,742971.89,405816.73,C32991510,130672.63,1873322.61,0,0
8,DEBIT,266245.27,C10021650,1237054.12,970808.85,M72687866,290999.39,212557.02,0,0
3,DEBIT,360713.82,C63355494,1266145.31,905431.49,M78869263,868959.11,1683967.06,0,0
6,CASH_IN,70647.61,C87836661,938570.45,867922.84,M91866940,904452.81,965709.53,0,0
5,CASH_IN,105999.13,C59363500,886118.72,780119.59,M83244926,747.71,1318714.77,0,0
2,TRANSFER,409369.31,C35372075,988295.34,578926.03,C92702403,594136.39,1021365.97,0,0
8,TRANSFER,161270.76,C34556224,1722090.6,1560819.84,C22523855,719300.61,954096.45,0,0
6,PAYMENT,11456.68,C24701106,922333.8,910877.12,M33212905,618746.98,1669798.86,0,0
2,CASH_IN,76904.04,C99906090,1879863.58,1802959.54,M23663640,81679.76,1511772.76,0,0
5,CASH_OUT,111814.98,C50676214,1008007.53,896192.55,C47697835,217724.9,966804.47,0,0
1,CASH_IN,478661.87,C89567573,1898401.39,1419739.52,M45757963,250340.27,223271.86,0,0
6,CASH_OUT,286524.98,C81622071,1665663.8,1379138.82,C40635609,831724.63,230805.92,0,0
9,DEBIT,466366.04,C86914165,724862.65,258496.61,M27846628,463199.44,1603078.92,0,0
1,TRANSFER,945161.63,C41239442,1727282.84,0.0,C98301823,486828.21,1058781.24,1,0
3,DEBIT,239682.43,C62056502,220126.57,0.0,M53975663,934893.05,963178.28,0,0
7,TRANSFER,156870.71,C69103067,1850094.35,1693223.64,C36401120,637085.89,1361133.68,0,0
4,TRANSFER,303189.41,C65027643,1263287.03,960097.62,C33043592,898667.7,1717683.17,0,0
9,PAYMENT,69607.62,C78117178,108781.5,39173.88,M40550539,456508.86,1257746.29,0,0
3,CASH_IN,449131.83,C96379410,1288513.45,839381.62,M39977525,149436.26,1525695.8,0,0
5,DEBIT,414667.91,C33507635,1948495.31,1533827.4,M51044723,929935.59,1530541.05,0,0
3,CASH_OUT,158772.55,C94597796,139601.31,0.0,C65717557,458705.12,712522.9,0,0
7,TRANSFER,476399.24,C29544473,1109375.42,632976.18,C83297207,181631.42,548166.39,0,0
5,TRANSFER,412602.13,C75017442,1495588.7,1082986.57,C47347524,302395.74,1602328.13,0,0
9,CASH_OUT,378060.39,C74370273,1620517.17,0.0,C45285473,50802.59,754357.58,1,0
7,DEBIT,60889.74,C51096674,827654.93,766765.19,M16113100,468300.59,1806672.01,0,0
2,DEBIT,239122.23,C84467919,408333.12,169210.89,M43389158,853128.17,139381.39,0,0
4,CASH_IN,253058.72,C93800357,84684.56,0.0,M26468585,933580.46,116435.02,0,0
9,CASH_IN,116283.35,C94231510,1159452.31,1043168.96,M93182956,932602.21,1854008.32,0,0
2,PAYMENT,39991.9,C35994235,905822.14,865830.24,M97476591,125230.03,1296909.83,0,0
9,TRANSFER,388364.05,C53883023,1897488.79,1509124.74,C12417209,382053.88,759198.71,0,0
5,CASH_IN,61026.31,C43511963,121209.82,60183.51,M94413005,28228.76,1510120.83,0,0
2,CASH_OUT,841390.66,C92489327,1370790.69,0.0,C33534666,855165.34,1344653.62,1,0
4,CASH_OUT,468225.22,C91260962,49932.44,0.0,C12925609,358755.76,1062402.09,0,0
7,DEBIT,438053.84,C44401837,342868.35,0.0,M25041716,631117.03,197746.69,0,0
8,TRANSFER,138883.53,C57582023,907158.0,768274.47,C94492832,714898.44,1624359.17,0,0
3,DEBIT,425725.8,C20680555,909744.89,484019.09,M67159223,429844.67,1732046.38,0,0
1,PAYMENT,176.25,C59063350,1371401.09,1371224.84,M20599528,306442.34,344337.38,0,0
4,TRANSFER,8853.73,C60565110,1820426.07,1811572.34,C75782983,962212.91,1701023.3,0,0
2,CASH_OUT,301280.56,C49897301,1278064.32,976783.76,C84796132,964488.23,1755694.62,0,0
8,PAYMENT,182405.46,C29763284,1907070.2,1724664.74,M84313289,289436.37,1098857.22,0,0
4,TRANSFER,193236.56,C13401447,1763231.28,1569994.72,C15158570,479625.1,1312358.07,0,0
2,CASH_OUT,282224.9,C21038804,1168999.59,886774.69,C81932280,972844.16,764474.64,0,0
6,PAYMENT,95899.31,C22176872,1667583.9,1571684.59,M82319630,4868.41,563583.3,0,0
6,PAYMENT,105885.56,C99401408,1285155.22,1179269.66,M95023397,412678.25,1443966.29,0,0
4,TRANSFER,242305.95,C55643397,157115.66,0.0,C15560068,100457.55,1723750.3,0,0
6,CASH_IN,377129.23,C60205334,1481129.45,1104000.22,M62498002,509157.97,1308155.11,0,0
2,PAYMENT,309752.68,C65701567,189816.88,0.0,M16508850,24669.95,1023181.22,0,0
2,PAYMENT,148684.55,C62096342,1188165.56,1039481.01,M78667913,406898.43,317849.53,0,0
4,CASH_OUT,215174.29,C74650154,1405280.41,1190106.12,C83245685,220699.07,106917.43,0,0
8,CASH_OUT,729053.95,C66803178,133055.22,0.0,C70975107,533308.36,891383.58,1,0
7,TRANSFER,37324.16,C62138902,461589.31,424265.15,C62706142,995993.65,98699.13,0,0
9,TRANSFER,391350.19,C70392605,1831344.46,1439994.27,C86353425,800536.11,1138669.26,0,0
8,CASH_IN,132701.05,C15002828,1232628.98,1099927.93,M77613519,845642.09,765458.38,0,0
5,CASH_IN,88891.42,C10131562,492572.04,403680.62,M43791256,635264.99,1514378.24,0,0
2,TRANSFER,345812.11,C36218129,1381359.54,1035547.43,C19456587,41559.85,611296.99,0,0
5,CASH_IN,309029.66,C66235862,1193552.84,884523.18,M97035489,206797.68,1185965.4,0,0
8,CASH_OUT,316598.48,C32367456,1003151.4,686552.92,C98434083,925064.56,1075367.04,0,0
9,TRANSFER,114455.01,C22841272,1952373.95,1837918.94,C26633956,366113.12,9424.85,0,0
9,CASH_IN,116330.44,C58593510,1366907.55,1250577.11,M76059784,103636.73,144778.8,0,0
1,TRANSFER,110409.11,C20782554,750882.22,640473.11,C39009204,702405.37,580736.42,0,0
9,DEBIT,86884.56,C43444652,1600146.86,1513262.3,M53749282,299457.72,1764470.16,0,0
7,PAYMENT,327865.28,C35136043,1769166.59,1441301.31,M58633341,268856.91,294029.91,0,0
9,TRANSFER,424009.46,C38576855,250441.12,0.0,C10093246,997977.46,1421788.66,0,0
8,PAYMENT,362161.49,C74419118,401105.96,38944.47,M68929142,858138.93,1946733.13,0,0
1,TRANSFER,462101.46,C29501490,432454.02,0.0,C36595432,407937.82,1581135.11,1,0
8,PAYMENT,202405.17,C57596201,1382423.62,1180018.45,M90552707,980261.21,485890.72,0,0
8,TRANSFER,327041.36,C28371718,1206079.11,879037.75,C97949148,650113.22,1816730.52,0,0
3,DEBIT,177124.58,C61819951,1237983.13,1060858.55,M72111144,742022.45,186214.31,0,0
1,CASH_IN,262757.06,C15982547,1881546.6,1618789.54,M45839230,31513.04,936283.88,0,0
8,TRANSFER,240822.61,C60850138,1551823.07,1311000.46,C40380460,121605.26,1775083.82,0,0
3,CASH_IN,88451.8,C57942277,255873.85,167422.05,M54854299,633085.13,1282531.42,0,0
3,CASH_OUT,193545.51,C87571418,695014.16,501468.65,C51151145,899023.98,827289.13,0,0
1,PAYMENT,481911.5,C42010888,870787.29,388875.79,M87565263,623743.73,585625.73,0,0
5,CASH_OUT,124297.64,C31006444,791923.18,667625.54,C59978995,134024.89,750198.81,0,0
7,TRANSFER,66910.53,C36427192,1338617.22,1271706.69,C90227396,115760.05,1017883.56,0,0
9,DEBIT,209296.13,C74397086,1783786.21,1574490.08,M44333537,844185.9,638087.86,0,0
7,CASH_IN,395170.96,C45457556,612102.93,216931.97,M33874281,139302.34,1937935.72,0,0
9,PAYMENT,291078.29,C79901401,1103754.27,812675.98,M60551974,520231.96,1866155.31,0,0
8,CASH_IN,340490.6,C66586535,1578818.84,1238328.24,M42181087,37113.32,1741342.94,0,0
2,TRANSFER,94855.53,C80256751,832436.12,737580.59,C57447769,80669.77,843659.67,0,0
1,CASH_IN,309477.91,C33641900,336236.26,26758.35,M80631674,672348.27,1382603.54,0,0
7,PAYMENT,161756.96,C93441228,949901.93,788144.97,M99366434,689181.41,1805658.61,0,0
7,TRANSFER,417153.34,C23053104,110445.04,0.0,C73205037,341469.41,1700858.98,0,0
8,CASH_IN,314653.11,C45141974,1884766.91,1570113.8,M50129705,215609.77,828654.03,0,0
5,DEBIT,99436.15,C30639379,149642.41,50206.26,M86398325,813710.27,224772.1,0,0
3,TRANSFER,32317.69,C58674916,876913.43,844595.74,C81556185,217103.23,151260.73,0,0
8,TRANSFER,21326.18,C34522485,1059762.52,1038436.34,C27429040,542027.07,1154128.09,0,0
6,DEBIT,185710.57,C65188084,1970607.66,1784897.09,M46460837,968208.84,1285255.87,0,0
3,CASH_OUT,132932.91,C33834000,332043.65,199110.74,C71891478,147852.44,1699685.21,0,0
1,PAYMENT,323048.6,C37992091,228863.04,0.0,M66198293,940876.27,585030.04,0,0
3,CASH_OUT,302537.69,C68874792,17412.29,0.0,C74351363,182893.05,334940.98,1,0
5,CASH_IN,133016.98,C39783576,311142.87,178125.89,M68401200,567443.21,758011.67,0,0
3,DEBIT,74627.4,C38110905,414545.96,339918.56,M14569146,377007.71,707150.25,0,0
1,CASH_OUT,63608.61,C37764209,1261161.88,1197553.27,C29248072,964928.6,264937.91,0,0
5,TRANSFER,432331.55,C49788840,439413.58,7082.03,C29916998,273542.03,1344565.31,0,0
7,CASH_IN,121746.55,C17581002,41041.63,0.0,M37543766,399658.0,1017383.88,0,0
7,CASH_IN,325858.81,C28794744,1653236.69,1327377.88,M41581057,982860.12,1442245.51,0,0
9,CASH_OUT,405344.86,C78110885,731191.4,325846.54,C28125271,536470.39,705382.24,0,0
3,CASH_OUT,307044.51,C36584138,707393.37,400348.86,C36021607,502630.12,651404.42,0,0
7,DEBIT,429784.02,C56926657,604958.06,175174.04,M31872886,257778.49,945151.71,0,0
1,PAYMENT,196202.94,C27069223,1950746.55,1754543.61,M79339517,701363.56,1754814.69,0,0
4,CASH_OUT,478111.53,C25446786,340230.83,0.0,C40712798,14372.95,80562.61,0,0
4,CASH_OUT,66581.17,C87993462,1796476.13,1729894.96,C44139374,49512.63,1609665.63,0,0
5,TRANSFER,51083.74,C58750452,1553606.66,1502522.92,C11420654,599358.59,737975.23,0,0
7,CASH_IN,329349.49,C22453218,152959.91,0.0,M54160167,341674.57,1709238.05,0,0
7,PAYMENT,471416.14,C12928785,1973458.2,1502042.06,M72219314,953316.37,1604406.02,0,0
4,TRANSFER,404443.64,C92814192,542731.93,138288.29,C72232362,903190.69,697522.49,0,0
7,DEBIT,38217.67,C86867443,197165.85,158948.18,M18355425,713706.26,1387753.07,0,0
3,DEBIT,139691.06,C14791164,1658628.47,1518937.41,M66201142,818145.58,319265.51,0,0
6,CASH_OUT,465160.14,C11612119,1413351.07,948190.93,C25806167,667331.85,1792563.1,0,0
2,CASH_OUT,126536.69,C25516706,1234437.61,1107900.92,C78590041,125582.1,808982.13,0,0
9,DEBIT,390587.4,C83385984,311961.73,0.0,M94053071,765543.37,911251.23,0,0
5,CASH_OUT,412567.85,C47771235,956992.23,544424.38,C31068472,210191.97,1411518.1,0,0
6,PAYMENT,247731.1,C86943867,1561112.05,1313380.95,M81101806,323442.86,1641680.47,0,0
4,CASH_OUT,193180.59,C72779882,607247.88,414067.29,C98546190,819234.21,472685.49,0,0
7,CASH_IN,225067.71,C77252568,623379.66,398311.95,M36041882,536525.61,1322700.28,0,0
9,CASH_OUT,113490.08,C25366031,6281.81,0.0,C93271107,859940.71,783996.09,0,0
7,TRANSFER,444696.56,C23723361,348486.8,0.0,C15914063,213035.32,737405.85,0,0
1,PAYMENT,225315.32,C18454364,1750811.25,1525495.93,M37308991,607778.44,1380051.65,0,0
1,TRANSFER,839483.14,C86864536,883492.98,0.0,C68823133,83790.97,774366.55,1,0
9,CASH_OUT,393975.32,C72266549,1968469.0,0.0,C57463403,643060.99,692217.0,1,0
9,CASH_IN,494137.75,C39169138,791415.93,297278.18,M38834717,762534.04,1671776.82,0,0
4,PAYMENT,221642.11,C34669000,1430372.91,1208730.8,M39754050,584930.89,202552.25,0,0
9,PAYMENT,23924.93,C51330304,563838.09,539913.16,M51516245,266231.5,1351785.25,0,0
3,PAYMENT,19020.54,C74085033,727619.28,708598.74,M16962544,31342.67,497450.79,0,0
7,PAYMENT,373106.17,C45951072,381451.98,8345.81,M99004885,119448.88,30996.48,0,0
6,PAYMENT,329521.18,C90735137,694124.74,364603.56,M95431409,622302.98,333528.54,0,0
8,CASH_IN,401067.26,C57865579,1094475.04,693407.78,M92504696,934420.22,1213323.06,0,0
9,CASH_OUT,52692.71,C50549223,1983545.76,1930853.05,C60723318,206534.4,1418254.38,0,0
5,TRANSFER,17795.08,C51801105,1328403.43,1310608.35,C98512123,735026.15,42115.57,0,0
1,PAYMENT,254294.56,C11286188,398491.91,144197.35,M36860336,866451.06,72850.89,0,0
3,TRANSFER,841894.2,C96972025,89922.88,0.0,C84736203,520882.18,1805084.23,1,0
8,CASH_OUT,230978.85,C30945989,252712.96,21734.11,C89316278,669265.8,146611.64,0,0
6,TRANSFER,495794.29,C91779560,1125110.4,629316.11,C56876471,815015.32,1788364.32,0,0
8,CASH_IN,485375.27,C91926191,1530320.66,1044945.39,M44904771,260675.16,456331.83,0,0
9,DEBIT,471158.27,C28561310,1880838.41,1409680.14,M21808606,296895.67,1480035.6,0,0
4,DEBIT,391923.5,C76913257,31646.34,0.0,M80843806,627.52,619466.5,0,0
1,CASH_OUT,177427.13,C87642269,1045520.28,868093.15,C18429241,963094.13,1717504.05,0,0
1,TRANSFER,206071.34,C80770961,941734.71,735663.37,C69977558,917544.89,1400909.73,0,0
4,DEBIT,274812.53,C18737723,1312110.04,1037297.51,M19440501,764568.26,803626.92,0,0
7,CASH_OUT,415268.92,C72745175,1119157.71,703888.79,C53821206,79076.02,152604.91,0,0
2,CASH_IN,34365.73,C81405948,1374078.3,1339712.57,M23294235,447502.89,1465400.37,0,0
3,DEBIT,212154.2,C57628766,1316165.17,1104010.97,M64182052,101891.75,1233769.51,0,0
1,CASH_OUT,41318.01,C69537422,234023.45,192705.44,C51347022,15920.27,5823.44,0,0
5,CASH_OUT,257333.65,C63477891,1599435.83,1342102.18,C21811984,616182.97,18839.71,0,0
1,PAYMENT,449451.42,C94739239,246465.15,0.0,M12821105,960829.42,1617585.95,0,0
8,CASH_IN,391244.64,C64230536,1397061.25,1005816.61,M70592460,902868.02,518799.48,0,0
1,PAYMENT,113928.93,C84757256,832290.74,718361.81,M32232465,696754.81,1272267.34,0,0
1,TRANSFER,487995.66,C62762777,1027701.47,539705.81,C93417293,96640.58,908428.84,0,0
2,PAYMENT,333678.53,C78709584,1806596.03,1472917.5,M27485885,274164.04,1726860.03,0,0
2,PAYMENT,5223.75,C96491407,1779767.45,1774543.7,M66650147,320056.73,1833922.23,0,0
6,DEBIT,127714.19,C97105678,1635712.61,1507998.42,M81336803,763150.06,1993615.43,0,0
7,CASH_OUT,130364.04,C57980339,1020296.76,889932.72,C29374098,802249.18,307368.27,0,0
5,CASH_IN,34636.46,C93817540,1472479.62,1437843.16,M22353900,385106.12,1725928.09,0,0
1,PAYMENT,479913.66,C37135236,1025794.11,545880.45,M69727147,417884.0,532042.75,0,0
1,CASH_IN,239132.86,C18979219,1739212.16,1500079.3,M47501958,44509.04,1181631.75,0,0
3,PAYMENT,447908.34,C39107857,805551.67,357643.33,M50988408,289136.72,1011545.67,0,0
2,TRANSFER,161114.53,C56875246,1940470.69,1779356.16,C52670507,451285.18,35976.26,0,0
5,PAYMENT,62625.53,C25371868,1864645.52,1802019.99,M64981748,116983.05,1865542.56,0,0
6,DEBIT,237173.31,C91369859,1483205.24,1246031.93,M96884931,453267.46,156654.11,0,0
7,CASH_OUT,56987.18,C83735788,558831.77,501844.59,C13661306,853175.81,1376437.84,0,0
4,TRANSFER,243012.89,C16045001,263307.18,20294.29,C20412577,581321.02,1570013.67,0,0
7,PAYMENT,460149.39,C99763004,1709406.9,1249257.51,M44551489,78929.86,1590575.7,0,0
8,CASH_IN,260388.86,C35646174,330604.57,70215.71,M40674998,191671.32,270989.04,0,0
1,TRANSFER,308253.7,C44050664,1708521.58,1400267.88,C93211017,474544.35,895139.9,0,0
6,TRANSFER,78327.65,C30411399,981530.01,903202.36,C92594783,361487.15,1658857.74,0,0
8,PAYMENT,21877.38,C67933890,813113.57,791236.19,M80783017,358727.02,605358.42,0,0
5,TRANSFER,55412.87,C87184495,1806381.56,1750968.69,C81857448,529267.45,935497.35,0,0
4,CASH_IN,299269.8,C41109310,1207701.97,908432.17,M79321156,584395.92,545587.79,0,0
2,CASH_OUT,860384.21,C62960621,1153228.01,0.0,C64701945,796861.57,927102.84,1,0
6,CASH_IN,188002.69,C64244317,1117531.89,929529.2,M30395529,340966.56,1775675.85,0,0
6,PAYMENT,275050.47,C36592372,742339.03,467288.56,M44938842,805466.28,910248.46,0,0
1,CASH_OUT,194332.51,C13991818,1571286.21,1376953.7,C74259515,338611.23,1111824.03,0,0
9,CASH_OUT,115434.8,C18164962,505596.89,0.0,C87804671,55432.99,807952.57,1,0
6,CASH_OUT,136902.92,C66372732,1877789.92,1740887.0,C91283762,554187.65,920234.37,0,0
3,CASH_IN,464159.48,C75978252,1787970.41,1323810.93,M22646791,587902.32,30348.4,0,0
4,TRANSFER,337994.38,C10250231,674960.65,336966.27,C17330395,934540.25,567491.02,0,0
4,DEBIT,248028.96,C53004556,1458927.54,1210898.58,M12469606,726061.33,873163.44,0,0
3,CASH_OUT,6367.32,C90071947,1146446.39,1140079.07,C56861389,917772.65,1267593.95,0,0
3,CASH_OUT,516803.24,C65067172,675298.6,0.0,C78154397,908347.21,900103.86,1,0
3,CASH_OUT,335730.75,C97258185,1977043.3,1641312.55,C44840276,604574.11,675634.09,0,0
4,TRANSFER,158468.07,C33518715,50474.69,0.0,C81782448,527762.07,776197.47,0,0
7,PAYMENT,439635.54,C44533367,505292.06,65656.52,M77896464,557440.97,484586.66,0,0
4,CASH_OUT,129223.23,C48821960,1040148.12,910924.89,C93528761,978330.81,1848988.57,0,0
9,DEBIT,272012.85,C52973491,1043906.01,771893.16,M50516280,773167.69,1043486.45,0,0
1,DEBIT,318039.02,C62461766,1177866.15,859827.13,M15557821,106265.9,26818.91,0,0
8,CASH_IN,110539.48,C10420993,1503352.34,1392812.86,M45040051,778428.41,38892.52,0,0
7,TRANSFER,489198.86,C29038007,1246955.66,757756.8,C62170172,170538.05,1945923.27,0,0
2,CASH_OUT,374098.47,C43548071,1200562.92,826464.45,C94008106,447350.55,442901.78,0,0
8,CASH_IN,278911.03,C98487398,107028.93,0.0,M48676626,210459.67,1611216.58,0,0
1,CASH_OUT,90305.49,C56984860,753060.58,662755.09,C19670115,689583.07,116550.6,0,0
9,TRANSFER,26938.56,C12752690,464111.48,437172.92,C55153952,877309.74,1842325.47,0,0
9,DEBIT,160036.72,C58482500,530740.22,370703.5,M88102156,290361.89,1748834.01,0,0
2,PAYMENT,376596.14,C78112374,1108674.95,732078.81,M61066701,82010.74,1142186.32,0,0
7,DEBIT,134672.96,C27848408,399010.63,264337.67,M77671031,298493.1,17997.31,0,0
3,CASH_IN,269782.71,C78969235,587898.2,318115.49,M88617184,672361.86,515621.75,0,0
7,PAYMENT,363976.31,C89694571,474169.42,110193.11,M35477565,328760.13,813645.29,0,0
9,CASH_IN,53980.78,C34555728,1897005.89,1843025.11,M56140970,278112.17,920128.23,0,0
4,TRANSFER,342652.16,C76395265,1889331.46,1546679.3,C28436016,184435.19,595357.52,0,0
1,PAYMENT,45944.53,C55353996,1219883.12,1173938.59,M87041443,497516.43,65895.74,0,0
2,CASH_IN,482565.22,C63947238,1849044.94,1366479.72,M45362169,275948.83,1180254.81,0,0
1,TRANSFER,244202.18,C40147291,1571625.29,1327423.11,C13751531,731010.35,1048309.34,0,0
5,DEBIT,75346.55,C92969705,1179895.77,1104549.22,M71025545,76622.4,566001.27,0,0
5,TRANSFER,171198.39,C41616374,12870.42,0.0,C51474142,664033.03,75951.94,0,0
7,CASH_OUT,206714.09,C29138117,1545032.57,1338318.48,C63362949,237560.01,1989188.37,0,0
9,TRANSFER,379094.92,C91952330,1404976.68,1025881.76,C21233080,489279.26,963972.37,0,0
9,TRANSFER,371714.46,C96838133,1230507.31,858792.85,C91318784,286089.92,1512008.48,0,0
3,CASH_OUT,305974.13,C13291987,1520848.62,1214874.49,C26921670,722768.68,904628.07,0,0
3,CASH_IN,52974.3,C57538500,1025844.33,972870.03,M90128218,945307.04,86340.58,0,0
3,CASH_IN,75793.17,C67873362,1408166.54,1332373.37,M43808475,917076.78,619201.49,0,0
4,TRANSFER,46887.52,C39268923,1870344.17,1823456.65,C98723582,583426.22,640220.28,0,0
8,CASH_OUT,288590.62,C92298322,751610.03,463019.41,C48478806,462610.3,1676705.81,0,0
6,CASH_OUT,438570.45,C57809902,1416243.67,977673.22,C92709875,818300.51,1308459.96,0,0
8,DEBIT,216905.92,C75555773,951375.64,734469.72,M75819539,683326.36,550859.81,0,0
1,CASH_IN,80432.48,C19179279,1348799.3,1268366.82,M78954597,183564.11,1935479.91,0,0
8,PAYMENT,279025.58,C22896471,1525786.67,1246761.09,M76318360,820919.21,643083.66,0,0
4,CASH_IN,405877.99,C64594920,90905.0,0.0,M64636036,428884.39,1996468.05,0,0
1,CASH_IN,370858.61,C69304974,1293200.89,922342.28,M86511863,188985.66,1992327.39,0,0
8,CASH_OUT,135081.39,C15492952,453482.37,0.0,C25025940,281797.35,382421.04,1,0
4,PAYMENT,138958.27,C58236011,1340065.08,1201106.81,M84429969,267527.03,625482.23,0,0
6,TRANSFER,908127.27,C75256994,936660.37,0.0,C60804654,519206.97,972088.4,1,0
8,PAYMENT,439909.44,C20197174,1547105.48,1107196.04,M15584581,234370.09,1328201.34,0,0
4,TRANSFER,328783.58,C88002445,246801.63,0.0,C72895160,123566.49,1056094.9,0,0
3,PAYMENT,155471.36,C16297042,1252644.7,1097173.34,M57869970,123690.85,1938882.94,0,0
9,DEBIT,371176.6,C90710501,556941.46,185764.86,M44753961,583276.2,1447978.33,0,0
3,CASH_IN,407561.04,C81161443,1705963.99,1298402.95,M78899092,734759.29,424089.7,0,0
9,PAYMENT,307492.97,C17200262,1856767.01,1549274.04,M84161378,321533.01,210195.1,0,0
2,PAYMENT,343945.18,C38862768,1992796.59,1648851.41,M96209256,34650.71,1376802.58,0,0
2,CASH_OUT,187636.2,C84834030,1592014.8,1404378.6,C53172391,127224.89,316904.88,0,0
2,CASH_IN,269352.45,C84798069,1507468.14,1238115.69,M58325784,914694.56,1575353.68,0,0
6,TRANSFER,262084.34,C75556711,431001.52,168917.18,C18860286,493543.66,622073.33,0,0
3,DEBIT,424025.42,C95495505,672014.12,247988.7,M70149996,453572.81,653786.53,0,0
9,TRANSFER,419983.59,C29080923,931365.08,511381.49,C54925925,38049.18,21596.78,0,0
4,CASH_IN,416341.91,C36705487,1546762.1,1130420.19,M16017004,728637.02,1402022.53,0,0
1,PAYMENT,5525.7,C82571474,1829931.73,1824406.03,M47763126,528068.08,226539.51,0,0
4,PAYMENT,374775.25,C12098729,378278.2,3502.95,M60829267,202080.94,1545761.15,0,0
1,CASH_IN,379340.61,C73022352,1844734.97,1465394.36,M26995763,110073.76,983735.64,0,0
5,PAYMENT,339192.63,C95706924,1391249.3,1052056.67,M24931127,383387.86,1568559.63,0,0
4,PAYMENT,378134.77,C74201676,1221541.46,843406.69,M40955478,837161.96,1167853.08,0,0
8,PAYMENT,420986.77,C67900186,399682.54,0.0,M86920005,865294.56,164866.54,0,0
8,DEBIT,235164.82,C26465417,111050.07,0.0,M47413236,602846.38,1531304.67,0,0
7,DEBIT,251030.09,C72925345,1136929.8,885899.71,M45879884,727536.43,139598.97,0,0
3,CASH_OUT,62365.78,C33917061,1303031.37,1240665.59,C24783984,115155.79,957403.44,0,0
1,TRANSFER,192694.09,C22124055,421562.9,228868.81,C24368342,588126.07,344698.43,0,0
1,CASH_IN,321686.16,C26139153,1112912.41,791226.25,M65544008,666965.7,1504670.36,0,0
3,CASH_IN,390202.08,C42315606,1712986.81,1322784.73,M36559312,200712.84,1823182.46,0,0
6,CASH_IN,108612.38,C51142405,1670131.89,1561519.51,M10928252,880154.73,1108252.33,0,0
7,CASH_OUT,68920.07,C77259517,1854710.36,1785790.29,C10600338,194996.74,1054294.59,0,0
6,DEBIT,331524.37,C92106264,731771.62,400247.25,M56684370,313477.36,1527926.39,0,0
6,CASH_OUT,949.92,C12488144,636099.15,635149.23,C42992373,620556.85,10157.63,0,0
6,CASH_IN,89194.51,C66294061,1498852.01,1409657.5,M32323902,638350.07,1835517.29,0,0
3,TRANSFER,14545.4,C99013399,862224.81,847679.41,C80635049,699384.74,394897.63,0,0
6,PAYMENT,83450.89,C63815626,175097.33,91646.44,M30922682,112011.71,1968237.77,0,0
8,DEBIT,90667.83,C55399577,565602.26,474934.43,M37015955,849464.43,1472507.9,0,0
2,DEBIT,193842.92,C15088539,837164.57,643321.65,M39854024,532847.13,1548502.3,0,0
5,CASH_OUT,201169.54,C99666634,585032.85,383863.31,C70974096,471321.79,1312405.96,0,0
1,DEBIT,437132.49,C85883685,664411.14,227278.65,M42779182,981097.62,943326.37,0,0
1,CASH_IN,255059.76,C32074556,587551.81,332492.05,M22411137,740378.3,1143255.39,0,0
5,CASH_IN,361705.15,C62828237,82998.33,0.0,M63445182,118006.03,92805.77,0,0
3,CASH_OUT,52077.64,C43971122,1274189.4,1222111.76,C13600957,756539.17,1247919.02,0,0
4,CASH_IN,112727.12,C73938137,1194584.84,1081857.72,M33231075,95248.93,1252196.2,0,0
3,TRANSFER,351474.69,C80105108,1306767.0,955292.31,C71892112,27470.56,1782401.59,0,0
1,CASH_OUT,26411.45,C36043575,384619.79,358208.34,C36891636,403625.9,1011312.71,0,0
1,TRANSFER,243303.97,C82468326,591309.08,348005.11,C88783221,993578.17,154288.75,0,0
5,PAYMENT,299688.49,C17838941,1239231.85,939543.36,M39936378,174883.94,612391.84,0,0
6,TRANSFER,301076.8,C36088250,1199255.14,898178.34,C87160390,672644.34,1311258.82,0,0
3,PAYMENT,11476.18,C45432211,1012660.62,1001184.44,M18905808,173396.07,478517.73,0,0
9,PAYMENT,161060.78,C45179631,700826.5,539765.72,M42708134,724786.97,561055.64,0,0
5,TRANSFER,318248.96,C11801951,1825862.01,1507613.05,C23867431,505353.67,1640938.03,0,0
8,CASH_OUT,74508.38,C18441557,679540.48,605032.1,C65456172,679971.71,1168639.46,0,0
1,CASH_IN,347710.87,C73378490,911238.31,563527.44,M47394405,202873.18,1017054.86,0,0
5,CASH_IN,372965.15,C38720008,1356227.66,983262.51,M28141080,745628.33,636903.93,0,0
3,PAYMENT,490984.78,C86506732,1086042.86,595058.08,M51090756,995619.06,1461856.07,0,0
1,PAYMENT,104928.9,C85337600,693771.95,588843.05,M15421251,665650.5,575436.87,0,0
4,CASH_OUT,412567.08,C27566364,871289.58,458722.5,C50782551,493480.0,1474127.04,0,0
5,DEBIT,260153.09,C93604679,1588961.64,1328808.55,M46554696,923173.99,140202.96,0,0
7,TRANSFER,186737.56,C19941699,556258.31,369520.75,C63846322,15851.84,1729082.68,0,0
1,PAYMENT,61197.15,C67340290,284510.48,223313.33,M52976919,729923.52,999132.93,0,0
3,CASH_IN,367755.45,C64152949,626326.4,258570.95,M42083981,888746.52,877016.03,0,0
2,CASH_OUT,117936.44,C78417030,1699068.43,1581131.99,C70868420,61674.58,1222046.82,0,0
9,TRANSFER,185717.29,C38886746,177979.43,0.0,C75141905,450064.17,1248384.15,0,0
6,TRANSFER,136315.74,C32969573,1983392.15,0.0,C60479826,204719.45,264070.35,1,0
3,TRANSFER,400685.44,C46065451,1082005.8,681320.36,C85555595,566518.17,1512467.18,0,0
8,TRANSFER,383296.6,C40215254,1969691.49,1586394.89,C45763409,649542.96,551856.6,0,0
8,PAYMENT,366810.58,C61662376,1877992.84,1511182.26,M44771741,302623.18,1809923.76,0,0
2,CASH_OUT,149728.76,C44583674,905627.43,755898.67,C30147914,459981.67,1635701.33,0,0
6,CASH_OUT,86748.3,C97594281,396982.15,310233.85,C71042274,279339.49,692532.08,0,0
7,CASH_IN,318780.26,C85847540,329769.55,10989.29,M68676502,369391.16,1615478.59,0,0
2,CASH_IN,248088.23,C57447968,479978.73,231890.5,M50870096,159539.96,712781.0,0,0
2,PAYMENT,89134.45,C17283377,1420265.28,1331130.83,M99019008,885559.44,201895.36,0,0
1,PAYMENT,342958.78,C17017955,545899.99,202941.21,M23782350,10010.41,1923776.48,0,0
8,DEBIT,495563.3,C75833124,682850.54,187287.24,M99746696,882409.19,1305204.03,0,0
1,CASH_IN,373612.32,C57732712,897557.61,523945.29,M12275598,571678.88,912199.05,0,0
9,TRANSFER,369995.79,C55367678,1826465.36,1456469.57,C14892571,331657.84,795546.7,0,0
6,CASH_OUT,475156.87,C46292816,378786.84,0.0,C76241431,723057.13,649410.67,0,0
7,PAYMENT,101476.15,C60736559,10053.11,0.0,M64822908,507752.15,1962895.19,0,0
7,CASH_OUT,282779.33,C79617028,120192.82,0.0,C69556258,499108.66,269494.53,0,0
3,CASH_OUT,489823.56,C63650991,1809532.68,1319709.12,C70081877,110142.28,629610.12,0,0
2,DEBIT,82655.4,C83283807,1295032.93,1212377.53,M76120474,389516.03,970995.28,0,0
9,CASH_IN,350128.98,C60042301,546081.24,195952.26,M87266579,241064.35,955999.09,0,0
8,PAYMENT,292909.21,C10171277,354385.0,61475.79,M93922240,15695.91,942732.97,0,0
7,TRANSFER,519243.18,C73406526,588533.47,0.0,C10019156,360099.63,351567.63,1,0
9,PAYMENT,348838.34,C87890927,229593.85,0.0,M34193456,89822.13,289865.05,0,0
4,TRANSFER,464809.17,C50905980,1883065.82,1418256.65,C12570348,256830.04,509535.17,0,0
4,DEBIT,391293.14,C78470076,1568412.35,1177119.21,M29339904,92516.62,1829052.31,0,0
1,TRANSFER,28077.49,C92604446,924782.35,896704.86,C84073609,100941.63,226105.94,0,0
8,PAYMENT,426365.48,C82989790,1729925.21,1303559.73,M56597166,199011.29,1514850.21,0,0
3,PAYMENT,112778.41,C28380560,498916.41,386138.0,M89649146,999849.24,1515096.79,0,0
7,CASH_IN,188463.31,C38439575,1434241.14,1245777.83,M49028538,2184.14,1619540.81,0,0
2,CASH_OUT,230871.79,C71189747,1712265.0,1481393.21,C57647611,638672.64,1773230.98,0,0
2,CASH_OUT,240458.19,C90919190,713537.42,473079.23,C65245653,141243.7,526072.36,0,0
7,TRANSFER,217595.85,C88419793,1514928.89,1297333.04,C44436241,920628.14,449118.94,0,0
6,DEBIT,468677.27,C16562865,590144.7,121467.43,M14499311,93632.89,931011.33,0,0
3,CASH_OUT,353012.44,C58878285,597714.27,244701.83,C83465759,955063.19,530178.34,0,0
9,CASH_IN,315589.01,C68445297,214114.36,0.0,M47362714,610926.39,1468619.98,0,0
6,TRANSFER,24930.52,C78490574,880116.09,855185.57,C93564251,1268.08,1271879.15,0,0
6,TRANSFER,451957.63,C46146254,1459423.81,1007466.18,C94531729,894007.2,1749975.38,0,0
1,CASH_IN,454696.0,C35967642,1880441.61,1425745.61,M72063270,521711.8,165476.61,0,0
4,DEBIT,390108.73,C90515633,1207593.98,817485.25,M38804060,262669.74,1830166.67,0,0
6,CASH_IN,3524.53,C37384611,1726271.08,1722746.55,M64158919,767279.18,586697.25,0,0
6,DEBIT,28649.55,C71516022,1644989.3,1616339.75,M98501045,926665.55,981388.69,0,0
5,CASH_IN,112619.6,C98301319,346686.11,234066.51,M94084190,483690.82,877222.87,0,0
1,CASH_IN,65683.39,C43017422,971634.86,905951.47,M26077985,315553.47,1520623.3,0,0
8,PAYMENT,199424.03,C29878589,233847.07,34423.04,M69134883,788945.12,840666.62,0,0
5,TRANSFER,461312.3,C29577390,1364306.32,902994.02,C37540987,681785.5,1887106.29,0,0
5,CASH_IN,236035.5,C94759500,1899799.34,1663763.84,M97618597,888752.48,1805067.77,0,0
7,CASH_IN,6711.18,C83110888,274178.92,267467.74,M63622714,692514.01,1744322.3,0,0
4,CASH_OUT,141380.02,C41301473,1467766.26,1326386.24,C93663358,243528.34,142516.67,0,0
6,TRANSFER,22307.01,C47967335,1264476.3,1242169.29,C90382344,931659.25,1708516.12,0,0
4,CASH_OUT,18153.45,C87832543,1167210.07,1149056.62,C35113778,104835.75,1563270.89,0,0
3,TRANSFER,137867.17,C96451900,780240.47,642373.3,C98640034,267942.75,207025.89,0,0
7,CASH_OUT,137813.41,C71220767,710263.3,572449.89,C92039377,520194.61,214828.65,0,0
8,CASH_IN,393565.43,C56021853,90498.38,0.0,M69938189,565742.03,202327.62,0,0
4,CASH_IN,487417.58,C32611827,435817.42,0.0,M28476763,15310.59,22665.19,0,0
2,PAYMENT,185609.83,C65866096,30353.76,0.0,M21266205,780572.73,1097268.61,0,0
3,CASH_OUT,214449.15,C21885324,1162834.21,948385.06,C98286211,361607.32,1946788.58,0,0
1,DEBIT,422396.27,C40188544,211706.47,0.0,M55052863,406418.54,877369.41,0,0
8,PAYMENT,134076.83,C34219726,1746038.79,1611961.96,M35508248,809369.54,1081515.0,0,0
3,CASH_OUT,78199.34,C67734379,1046286.04,968086.7,C70181915,379283.39,1935939.59,0,0
7,CASH_OUT,426546.28,C11467256,1399379.82,972833.54,C46494539,47224.88,510364.46,0,0
5,PAYMENT,23259.83,C75912156,821714.18,798454.35,M28827457,176439.77,1716940.51,0,0
5,CASH_IN,309853.52,C98235105,1121159.62,811306.1,M82043213,955903.17,1092780.93,0,0
7,CASH_OUT,281000.8,C58145489,1885318.35,1604317.55,C11156245,70405.36,1138953.03,0,0
9,CASH_IN,172966.76,C23593077,165468.08,0.0,M82035486,354931.2,686347.71,0,0
5,PAYMENT,157601.61,C31108188,507875.54,350273.93,M86120467,503179.17,1123168.72,0,0
1,CASH_IN,385931.14,C18667126,1559976.65,1174045.51,M59689468,493280.83,146285.02,0,0
1,TRANSFER,43221.44,C33711646,197474.41,154252.97,C97648933,3959.94,1529287.15,0,0
2,DEBIT,118399.79,C43319676,151322.21,32922.42,M64381878,501162.73,569375.52,0,0
6,CASH_OUT,366227.04,C51280408,723082.8,356855.76,C87500483,383772.46,1775216.66,0,0
9,DEBIT,274164.81,C67430565,184335.92,0.0,M49738830,972079.34,735701.39,0,0
8,CASH_IN,64002.82,C12705421,1170156.88,1106154.06,M58480343,159159.08,285648.22,0,0
5,CASH_OUT,441068.99,C70084615,452550.5,11481.51,C69996376,354154.2,1391763.15,0,0
1,CASH_IN,196729.99,C32575489,1791395.93,1594665.94,M51760768,419481.49,329156.29,0,0
7,TRANSFER,413935.91,C56660816,1567000.16,1153064.25,C23457080,390693.54,1507361.03,0,0
5,PAYMENT,393858.63,C69127140,1399410.41,1005551.78,M81570782,665830.83,1936224.47,0,0
6,CASH_OUT,312216.48,C39619149,1233888.05,921671.57,C57331945,215512.86,1559105.74,0,0
7,TRANSFER,247245.62,C16942263,1726931.46,1479685.84,C45362948,221071.55,44898.5,0,0
3,TRANSFER,489775.62,C48206556,446124.12,0.0,C30435121,729210.95,1199771.58,0,0
3,CASH_OUT,72491.09,C78471380,1746217.69,1673726.6,C39190953,500290.52,1390821.34,0,0
5,CASH_OUT,962648.05,C29152316,1578984.6,0.0,C69513211,415155.68,1650916.65,1,0
6,TRANSFER,95603.44,C26380660,1496321.65,1400718.21,C36432395,169203.05,112004.62,0,0
9,DEBIT,169138.17,C32004757,1122511.36,953373.19,M70481382,187527.22,960215.66,0,0
5,TRANSFER,154356.28,C45272994,492488.32,338132.04,C30888209,10551.64,1070741.75,0,0
1,CASH_IN,473518.52,C96142436,847095.83,373577.31,M40978633,91426.27,338249.73,0,0
4,CASH_IN,483678.42,C43300239,1587141.31,1103462.89,M70322781,556838.69,644899.62,0,0
5,DEBIT,91515.89,C50769841,63556.97,0.0,M78826219,891873.13,880443.45,0,0
5,TRANSFER,11027.36,C84288255,1564101.54,1553074.18,C72666873,287164.77,1666419.38,0,0
7,CASH_IN,360006.82,C64631024,480141.48,120134.66,M31825552,327747.23,1858815.13,0,0
4,CASH_OUT,209000.79,C63093290,288618.4,79617.61,C21631400,115605.61,1256845.66,0,0
1,PAYMENT,44429.23,C98169744,231402.64,186973.41,M36613746,388630.95,789890.37,0,0
5,PAYMENT,341880.22,C38549561,54500.02,0.0,M68301691,37221.7,508062.04,0,0
7,PAYMENT,272557.31,C73621622,1047172.97,774615.66,M35298938,917600.7,1964270.37,0,0
6,TRANSFER,490258.61,C19080961,436519.75,0.0,C98572022,673111.35,1966040.0,0,0
5,DEBIT,113712.47,C65296596,1978863.53,1865151.06,M43357473,990748.81,1849953.9,0,0
4,CASH_IN,201994.9,C29535782,1148873.51,946878.61,M16849221,882823.16,1571338.3,0,0
2,CASH_OUT,271277.48,C45882465,275770.54,4493.06,C20276325,472990.59,651559.09,0,0
4,CASH_OUT,395852.08,C19878917,1377525.08,981673.0,C86181548,519685.03,1634000.97,0,0
3,TRANSFER,274423.84,C18175576,1795487.13,1521063.29,C99469241,190576.05,817586.03,0,0
1,PAYMENT,306453.95,C51245764,1490358.99,1183905.04,M97695777,462039.34,653546.2,0,0
8,TRANSFER,113081.26,C72025363,152879.72,39798.46,C19851205,903027.87,1489730.72,0,0
5,DEBIT,423460.89,C17059903,1791768.36,1368307.47,M10270001,50853.42,159307.86,0,0
4,DEBIT,214320.99,C15441039,1587858.77,1373537.78,M57852900,863556.8,97125.45,0,0
8,CASH_IN,70488.4,C16077234,316607.8,246119.4,M11399298,340947.8,895907.39,0,0
7,CASH_IN,332097.32,C45482788,103571.78,0.0,M47701845,899512.77,891277.6,0,0
2,DEBIT,108053.07,C81906791,1114621.15,1006568.08,M99743189,940879.91,1791288.31,0,0
1,DEBIT,48790.28,C52755784,312071.62,263281.34,M77891273,670864.89,252306.19,0,0
4,DEBIT,430994.83,C63451460,1669181.91,1238187.08,M53660866,664423.79,246567.85,0,0
8,TRANSFER,230086.53,C88710185,716669.31,486582.78,C37607548,452754.34,294905.2,0,0
2,DEBIT,374644.36,C13800760,1825784.89,1451140.53,M59793355,835540.22,59472.52,0,0
3,CASH_OUT,145300.87,C60059073,1131376.34,986075.47,C73564892,961612.76,143463.48,0,0
1,PAYMENT,393487.2,C10975112,365344.77,0.0,M27490607,775081.8,1319739.73,0,0
1,DEBIT,55976.84,C47587555,279197.73,223220.89,M15755536,621936.73,863168.66,0,0
3,PAYMENT,177993.13,C65745877,1152944.88,974951.75,M27114380,606792.9,1527206.13,0,0
5,TRANSFER,489031.13,C10555839,1523767.22,1034736.09,C68201463,849469.9,1985195.44,0,0
3,PAYMENT,396996.92,C10614101,1563011.3,1166014.38,M21562817,541203.77,1318069.36,0,0
1,TRANSFER,248632.99,C51781921,551514.81,302881.82,C12763779,803859.89,100911.14,0,0
1,CASH_OUT,169895.34,C59669558,408493.52,238598.18,C46412646,508885.26,209125.73,0,0
8,TRANSFER,436069.13,C22234908,33512.61,0.0,C95906960,62444.27,1762008.17,0,0
2,TRANSFER,272428.43,C70598522,1358398.3,1085969.87,C54359378,383947.01,1054991.89,0,0
3,CASH_IN,379214.92,C31924717,153136.52,0.0,M31020996,444440.96,1649674.32,0,0
2,DEBIT,377056.3,C15121632,841522.4,464466.1,M25725535,141617.24,1713224.67,0,0
3,DEBIT,8982.66,C32673937,1203364.33,1194381.67,M81002057,102496.33,1855349.08,0,0
7,CASH_OUT,63135.63,C27328454,1874217.89,1811082.26,C41747976,535464.95,1899658.41,0,0
1,CASH_OUT,329818.09,C66226686,623604.27,293786.18,C49236300,85143.64,1109651.59,0,0
8,DEBIT,80818.29,C87578752,499544.32,418726.03,M71501716,302945.17,682040.34,0,0
2,TRANSFER,172200.02,C63226755,1308320.31,0.0,C78364823,744596.98,1923729.75,1,0
3,DEBIT,473319.51,C31826641,1238478.06,765158.55,M43099267,964432.18,1094812.81,0,0
9,CASH_IN,280095.53,C55112602,664219.57,384124.04,M83728954,717870.58,128505.45,0,0
7,CASH_OUT,375367.25,C77643497,1856203.67,1480836.42,C61951074,992625.55,1285553.1,0,0
4,PAYMENT,278994.79,C82385640,1689724.65,1410729.86,M91121538,698337.97,1175369.5,0,0
5,CASH_OUT,276261.28,C28641123,447965.09,171703.81,C39616451,293794.47,1791585.75,0,0
2,CASH_OUT,47085.01,C59782459,478285.09,431200.08,C33782567,672052.54,1306374.38,0,0
8,TRANSFER,171838.16,C71327677,1024600.69,852762.53,C28915637,702156.77,698104.85,0,0
4,TRANSFER,141222.63,C70036559,1547144.2,1405921.57,C74043810,371726.98,1932451.45,0,0
9,TRANSFER,195370.28,C69642657,88080.76,0.0,C82132062,17713.85,1603238.97,0,0
5,TRANSFER,399174.11,C11120113,1386670.31,987496.2,C86418103,703199.78,1260835.24,0,0
9,CASH_IN,185972.61,C20201961,1296471.79,1110499.18,M35451115,21700.1,585850.41,0,0
4,DEBIT,225853.89,C43104951,462960.19,237106.3,M72590275,631188.08,747080.59,0,0
5,PAYMENT,198696.72,C82202252,1362706.03,1164009.31,M14784973,163616.49,1339939.85,0,0
9,CASH_OUT,46713.05,C90162231,1880366.38,1833653.33,C64101132,565603.53,143961.64,0,0
8,CASH_OUT,805395.15,C73146677,93571.69,0.0,C78399770,503913.03,513361.18,1,0
3,PAYMENT,97812.68,C97365744,639304.11,541491.43,M93687685,13513.64,1427801.87,0,0
1,CASH_IN,93369.78,C38704996,876353.43,782983.65,M11435367,362865.82,960037.02,0,0
3,CASH_IN,47027.11,C93050790,1798520.72,1751493.61,M68643696,601091.17,804787.13,0,0
4,CASH_OUT,178341.92,C21047100,1924522.89,1746180.97,C55664080,848606.55,302915.24,0,0
2,DEBIT,378743.37,C48199721,888230.49,509487.12,M70409832,888642.11,883698.07,0,0
1,TRANSFER,138228.08,C20531792,1500056.82,1361828.74,C52209016,483849.97,1541383.94,0,0
7,DEBIT,156181.43,C86002382,1063322.05,907140.62,M22595379,728422.49,528025.69,0,0
8,CASH_OUT,321340.9,C75875125,1075565.87,754224.97,C40449729,316454.58,10797.08,0,0
7,CASH_OUT,97928.45,C52566130,556199.03,458270.58,C82495923,342186.41,1337009.8,0,0
5,CASH_OUT,448480.0,C12029341,433912.49,0.0,C94931931,194463.52,1945253.21,0,0
1,TRANSFER,104811.54,C25962977,576010.69,0.0,C35243818,561948.11,1213653.13,1,0
7,DEBIT,223806.99,C37692739,1112656.01,888849.02,M79773785,314564.15,239843.72,0,0
7,DEBIT,278914.52,C96288194,58310.37,0.0,M38707349,84370.9,641466.18,0,0
9,CASH_IN,83025.5,C72200055,1814497.89,1731472.39,M61766378,685006.09,1735283.23,0,0
3,CASH_IN,306740.43,C45324049,312567.42,5826.99,M89291202,707753.21,465136.15,0,0
9,CASH_IN,181556.74,C87936233,440177.35,258620.61,M64403298,359992.42,1215391.81,0,0
1,CASH_OUT,448594.2,C29625255,1036552.35,587958.15,C25429051,76723.4,805342.42,0,0
1,DEBIT,84435.41,C15369337,1420229.53,1335794.12,M47908921,426297.72,415687.44,0,0
4,CASH_OUT,253530.48,C40687424,191458.11,0.0,C75096075,442335.46,1626813.79,0,0
9,PAYMENT,299060.33,C59402947,635389.4,336329.07,M45513047,668670.88,1485662.55,0,0
6,CASH_IN,16701.47,C69187251,1937349.21,1920647.74,M25005252,315416.39,1323182.13,0,0
3,CASH_OUT,181852.93,C92344817,524685.93,342833.0,C33279699,682599.28,472673.18,0,0
1,CASH_OUT,366320.29,C25534442,626100.29,259780.0,C44532966,871488.54,195714.01,0,0
4,TRANSFER,120183.3,C83336604,1672996.98,0.0,C89965734,237486.04,1152318.66,1,0
9,TRANSFER,156587.87,C91054612,100428.86,0.0,C37535144,978919.56,1107355.67,0,0
3,DEBIT,399298.65,C24649817,929226.34,529927.69,M55807416,386368.14,376770.02,0,0
9,TRANSFER,483878.26,C17857997,759233.53,275355.27,C36061492,267258.69,112493.39,0,0
7,CASH_IN,428438.4,C74473608,633173.52,204735.12,M37845100,421511.18,161416.91,0,0
4,CASH_OUT,58830.82,C39988602,571399.19,512568.37,C78427019,94397.48,1985541.97,0,0
3,PAYMENT,369867.77,C67472430,182748.21,0.0,M10984588,125705.91,1567167.79,0,0
5,PAYMENT,159840.22,C81048489,629651.66,469811.44,M48003831,414434.05,1843974.95,0,0
5,DEBIT,494208.11,C78738482,86104.81,0.0,M97888841,762444.52,390109.44,0,0
3,TRANSFER,242684.64,C37355826,1561927.73,1319243.09,C10481632,900312.24,1921137.07,0,0
9,DEBIT,61225.72,C88490821,796455.59,735229.87,M17723047,664817.99,285308.7,0,0
4,CASH_OUT,362595.52,C74526295,887807.66,525212.14,C34776015,105219.56,1018163.66,0,0
5,DEBIT,161512.37,C36408346,1787189.17,1625676.8,M39196927,672019.76,1659391.37,0,0
4,PAYMENT,498539.11,C12568101,1316109.97,817570.86,M18918562,635427.92,699606.71,0,0
5,PAYMENT,489891.43,C69686581,16118.21,0.0,M34416514,805763.92,849657.07,0,0
7,CASH_IN,328070.45,C61629424,1886349.65,1558279.2,M55993847,825248.67,256370.22,0,0
9,CASH_IN,64921.93,C73640087,474288.93,409367.0,M88510809,868203.08,245843.76,0,0
7,CASH_OUT,343433.63,C37207039,215228.37,0.0,C82213002,414131.51,1239136.45,0,0
5,TRANSFER,46524.31,C34423854,1536256.36,1489732.05,C24886781,697864.4,1351064.74,0,0
7,DEBIT,14691.79,C53426742,1000954.63,986262.84,M70132166,268250.36,1554665.03,0,0
5,CASH_OUT,411480.99,C32224699,867541.13,456060.14,C86908660,999336.28,1113364.11,0,0
3,CASH_IN,104884.38,C57866466,499006.16,394121.78,M39227191,175334.24,1291518.58,0,0
7,DEBIT,189519.77,C93849789,1094942.98,905423.21,M77135369,10114.43,27034.54,0,0
2,CASH_IN,486728.96,C18018205,548769.21,62040.25,M38872553,148808.71,324341.45,0,0
9,CASH_OUT,235547.29,C14928476,1803166.01,0.0,C90521377,775872.29,1969829.53,1,0
1,TRANSFER,148251.93,C13886613,430408.96,282157.03,C40613058,446783.68,151987.01,0,0
6,CASH_OUT,459104.82,C47564874,1768710.3,1309605.48,C95536455,447500.25,1357576.44,0,0
7,DEBIT,55383.12,C90143858,1118810.85,1063427.73,M70595786,955022.92,352165.27,0,0
8,PAYMENT,379793.61,C85831720,1656976.27,1277182.66,M60543852,919634.91,1433437.17,0,0
9,PAYMENT,494032.9,C34873513,1425691.99,931659.09,M75261548,311194.74,1411980.81,0,0
2,DEBIT,450648.99,C66052321,1393390.22,942741.23,M27750431,209058.13,468398.12,0,0
2,DEBIT,325837.44,C78302366,648691.62,322854.18,M54280248,848482.21,539268.8,0,0
5,DEBIT,157037.26,C80438646,467793.86,310756.6,M44822065,906019.07,1309541.43,0,0
5,PAYMENT,127168.45,C82225040,421772.46,294604.01,M47239247,541596.92,780172.08,0,0
6,PAYMENT,409629.36,C19143589,1714383.31,1304753.95,M45580614,629423.71,389095.94,0,0
3,DEBIT,439912.16,C43935757,1640853.64,1200941.48,M81747110,256914.28,1463359.2,0,0
8,CASH_IN,262722.2,C86310998,881147.06,618424.86,M85486764,800802.69,308295.05,0,0
1,CASH_IN,122177.53,C44517976,264809.23,142631.7,M41369541,632122.43,1711287.33,0,0
6,TRANSFER,56480.47,C12426062,764504.5,708024.03,C96417276,503513.51,1029339.05,0,0
4,CASH_OUT,43598.86,C18209517,1238686.91,1195088.05,C63531738,60108.56,211401.21,0,0
1,CASH_IN,359541.53,C51049527,908806.31,549264.78,M98261797,915934.96,1388144.67,0,0
7,PAYMENT,210065.16,C52548791,1560378.54,1350313.38,M86298453,615451.42,1038326.08,0,0
9,CASH_IN,452680.88,C20127222,1995245.64,1542564.76,M24632787,192691.09,596115.14,0,0
4,TRANSFER,369838.25,C69193912,382264.18,12425.93,C96826584,606386.12,845078.76,0,0
4,TRANSFER,95638.3,C44512811,919301.64,823663.34,C14934990,677463.35,596675.49,0,0
6,CASH_OUT,306892.57,C99155041,861967.8,555075.23,C91209083,525770.34,526051.67,0,0
3,CASH_IN,217758.37,C23655842,608985.07,391226.7,M42242032,718101.74,327216.84,0,0
6,PAYMENT,288629.09,C56754929,396191.03,107561.94,M73794852,581453.95,725534.27,0,0
7,PAYMENT,369037.18,C21290492,131384.23,0.0,M73463472,947769.58,501974.41,0,0
3,DEBIT,403099.88,C59347456,1774238.63,1371138.75,M76819360,53697.08,1366868.97,0,0
7,PAYMENT,421870.23,C47581619,839697.4,417827.17,M99607957,106245.71,1367753.48,0,0
3,CASH_OUT,695772.05,C99774932,993791.04,0.0,C17760004,173671.64,1003680.49,1,0
2,CASH_OUT,15567.49,C67470428,1833884.1,1818316.61,C23429734,690171.07,1555889.05,0,0
4,PAYMENT,369649.97,C75955748,1552580.96,1182930.99,M58302865,645595.87,1682679.44,0,0
8,PAYMENT,53180.8,C77115328,261002.53,207821.73,M69970725,892058.86,1159532.91,0,0
9,DEBIT,157466.65,C87086898,1130839.94,973373.29,M91377652,732877.45,1237870.33,0,0
7,PAYMENT,1918.53,C43399680,884504.55,882586.02,M58984542,508355.49,565771.82,0,0
1,DEBIT,340837.92,C92164500,1594422.15,1253584.23,M75659711,991831.79,1789738.4,0,0
3,DEBIT,83574.33,C78270004,1448465.1,1364890.77,M70893833,266107.96,48412.09,0,0
9,PAYMENT,327644.65,C70139023,1380811.44,1053166.79,M74910926,833191.66,697204.94,0,0
1,TRANSFER,495871.39,C63944811,681089.67,185218.28,C46147881,426790.37,1443600.84,0,0
9,TRANSFER,36344.71,C21042682,1609927.46,1573582.75,C27795759,648735.14,160179.02,0,0
8,DEBIT,38548.24,C53778108,104782.59,66234.35,M69105361,727268.47,366339.05,0,0
1,PAYMENT,170196.64,C70564533,319249.8,149053.16,M16774870,633754.09,1178571.46,0,0
6,TRANSFER,433194.59,C66817319,671246.55,238051.96,C40513376,140507.3,1119987.34,0,0
5,PAYMENT,107772.78,C60596687,153614.88,45842.1,M50658959,442951.01,1477856.59,0,0
6,PAYMENT,180195.31,C93505216,469988.56,289793.25,M55368117,561438.38,1625225.28,0,0
5,PAYMENT,34262.02,C20589887,1660301.97,1626039.95,M98113314,849043.76,257159.16,0,0
6,CASH_IN,381580.01,C22679338,1896503.08,1514923.07,M95007969,443645.75,36761.98,0,0
5,PAYMENT,204159.09,C71766928,609204.71,405045.62,M19137819,918747.3,1379277.04,0,0
5,CASH_IN,379626.77,C40601080,529031.61,149404.84,M55893516,440374.22,602783.59,0,0
4,DEBIT,451804.89,C66656406,559785.3,107980.41,M83633231,548779.86,1251967.83,0,0
3,TRANSFER,116389.25,C61727750,555438.17,439048.92,C65670586,796285.68,301089.18,0,0
3,TRANSFER,403699.94,C60335659,71860.36,0.0,C28962244,583067.68,938080.09,0,0
4,TRANSFER,29556.35,C62296372,1853832.69,1824276.34,C27550054,960218.07,1008849.49,0,0
9,TRANSFER,449424.71,C22602694,427396.28,0.0,C77370284,660335.83,1170155.63,0,0
2,TRANSFER,325387.77,C25927403,840008.15,514620.38,C14529943,522709.45,1026340.03,0,0
9,TRANSFER,437114.62,C43150798,19373.77,0.0,C87757628,23591.97,991381.54,0,0
1,TRANSFER,104.2,C24671009,1715910.18,1715805.98,C64884186,413732.9,665468.31,0,0
1,DEBIT,84548.84,C18821549,1462314.69,1377765.85,M23930333,299248.42,142360.47,0,0
5,TRANSFER,839647.85,C74496620,1893512.07,0.0,C90088377,748105.67,179040.39,1,0
6,CASH_OUT,189757.66,C88686659,1563230.96,1373473.3,C87562778,208277.68,867556.55,0,0
6,CASH_IN,113372.92,C29485901,627413.02,514040.1,M14775833,205220.09,711586.26,0,0
3,CASH_OUT,190812.15,C67145933,495746.72,304934.57,C42123007,189519.04,1032269.61,0,0
7,CASH_OUT,169274.5,C44157583,1395432.62,0.0,C41522310,125615.61,609676.34,1,0
9,PAYMENT,206386.44,C25589702,728225.55,521839.11,M55790633,311007.0,1375820.18,0,0
8,PAYMENT,401179.14,C26091794,1132430.03,731250.89,M53156020,885922.11,1727909.64,0,0
6,PAYMENT,239540.24,C67704449,12514.94,0.0,M46654266,774928.47,597726.38,0,0
8,TRANSFER,9009.86,C58604169,123771.4,114761.54,C53199013,735251.22,385968.02,0,0
5,DEBIT,210727.81,C39092273,1070735.88,860008.07,M60235844,797336.81,232361.15,0,0
8,TRANSFER,13597.24,C51665616,1132143.29,1118546.05,C33548374,269417.89,1232508.08,0,0
4,DEBIT,483122.04,C24367204,1502905.89,1019783.85,M47118939,887441.69,887711.98,0,0
8,DEBIT,63735.71,C84394251,263930.64,200194.93,M81408353,137303.38,376031.43,0,0
2,CASH_OUT,353847.09,C75242949,1026366.17,672519.08,C13182132,336345.73,1306273.47,0,0
5,CASH_OUT,486388.43,C98988447,388895.29,0.0,C80549727,586748.12,296966.37,0,0
9,DEBIT,413021.27,C31277544,186392.24,0.0,M40063151,102905.09,1108601.41,0,0
4,DEBIT,349660.69,C98194387,820991.59,471330.9,M90544094,730130.19,1054296.76,0,0
6,TRANSFER,419732.06,C40548096,326673.3,0.0,C51540754,387246.05,1468455.6,0,0
1,TRANSFER,490899.53,C77840500,443563.96,0.0,C83746312,784405.67,110219.28,0,0
9,CASH_OUT,220285.52,C61017938,635109.16,0.0,C72091445,492896.29,1775745.86,1,0
1,PAYMENT,279596.81,C20149777,518776.8,239179.99,M70592764,180874.52,1405983.45,0,0
5,DEBIT,314122.77,C17553925,175182.59,0.0,M71637625,734761.81,432252.0,0,0
4,TRANSFER,266342.62,C41209516,179832.49,0.0,C68203138,252143.96,366810.7,0,0
3,CASH_OUT,317548.2,C46771094,386498.83,68950.63,C43698807,490810.3,863320.43,0,0
6,TRANSFER,224926.61,C67203222,101118.38,0.0,C49268380,75533.27,1635130.66,0,0
2,DEBIT,109229.41,C87951366,1252914.04,1143684.63,M49466425,617866.65,1685899.99,0,0
3,DEBIT,60132.41,C56894926,574653.43,514521.02,M63515466,665857.77,1040912.18,0,0
5,TRANSFER,344751.44,C79289003,559491.94,0.0,C38245402,378674.21,1721621.73,1,0
9,PAYMENT,131665.26,C13719194,663996.59,532331.33,M28295776,954422.78,10887.42,0,0
2,CASH_IN,23071.32,C46838169,1325592.55,1302521.23,M17069222,874168.92,70349.26,0,0
8,CASH_OUT,283589.72,C78541536,1741267.76,1457678.04,C34435422,707940.92,1823643.19,0,0
2,TRANSFER,141921.39,C60895822,1518173.87,1376252.48,C27319013,713652.07,1550663.86,0,0
5,CASH_OUT,412269.16,C61954211,1455058.46,1042789.3,C39428781,252401.71,901412.12,0,0
7,DEBIT,37129.69,C49412278,968782.37,931652.68,M21926106,656815.23,1507220.26,0,0
8,CASH_IN,113183.48,C83949887,1387611.11,1274427.63,M50112074,198206.27,1911278.92,0,0
1,CASH_IN,365125.77,C54150968,1105524.74,740398.97,M28573434,144003.22,1544179.05,0,0
6,CASH_IN,299408.16,C89268932,432501.06,133092.9,M71104574,999467.89,1684742.67,0,0
1,CASH_OUT,32254.99,C79574460,417176.74,384921.75,C24387810,622375.93,1521213.16,0,0
2,DEBIT,438620.96,C25842433,592784.01,154163.05,M44106658,430987.87,336422.18,0,0
1,TRANSFER,438632.11,C68050102,1821605.34,1382973.23,C31876123,288164.52,1667148.22,0,0
5,TRANSFER,165210.7,C81513977,1094829.68,929618.98,C68980966,603920.44,390217.64,0,0
9,CASH_OUT,342560.68,C74134752,1467810.75,0.0,C86778368,49593.51,1785222.66,1,0
6,CASH_IN,494514.29,C44968399,693117.52,198603.23,M33916824,94680.99,917299.8,0,0
1,PAYMENT,313091.82,C63719638,815431.54,502339.72,M17707690,32856.7,1353953.5,0,0
1,TRANSFER,891267.2,C38417654,251131.16,0.0,C17003621,499169.83,994481.7,1,0
2,CASH_OUT,419077.71,C48620879,342589.92,0.0,C47357506,600606.63,187981.86,0,0
9,DEBIT,142652.32,C50411036,1654713.11,1512060.79,M89643698,62479.76,581444.62,0,0
3,TRANSFER,214597.0,C87180450,1169677.26,955080.26,C24036865,721224.47,1967463.71,0,0
1,CASH_OUT,133895.66,C21462734,675064.93,541169.27,C69658449,230395.07,1921429.5,0,0
5,TRANSFER,160530.32,C25317570,1605702.42,0.0,C17467133,685201.45,640973.8,1,0
7,TRANSFER,831442.26,C29396438,493039.81,0.0,C70125675,981897.14,1992593.61,1,0
6,CASH_IN,329415.95,C45490204,1952065.4,1622649.45,M63838793,691105.87,1691102.39,0,0
1,PAYMENT,126161.1,C64900320,689635.22,563474.12,M72622472,883193.05,1221919.0,0,0
5,DEBIT,110120.45,C12422952,674621.91,564501.46,M98668417,948198.51,80249.24,0,0
5,CASH_OUT,579926.26,C58950934,623823.81,0.0,C11180859,486751.05,1802893.66,1,0
6,CASH_IN,368785.5,C63553666,244223.03,0.0,M22976357,702324.98,1114858.56,0,0
3,TRANSFER,262624.63,C67728313,222274.29,0.0,C50287646,851969.25,1736952.3,0,0
5,CASH_IN,16332.51,C11861663,1296210.07,1279877.56,M79089289,356608.91,1668858.24,0,0
7,DEBIT,434277.07,C48918430,1750236.09,1315959.02,M25269936,261397.32,1666012.43,0,0
5,CASH_IN,32352.8,C86549162,1581041.02,1548688.22,M26399173,946598.57,1396347.72,0,0
5,DEBIT,477912.68,C38075910,282215.19,0.0,M42754671,726303.5,582830.28,0,0
5,DEBIT,12580.73,C43604200,1091164.24,1078583.51,M80050480,219682.13,672320.52,0,0
3,DEBIT,347228.28,C15167373,211183.09,0.0,M62806018,449083.39,616938.43,0,0
1,DEBIT,41112.71,C75094835,90589.29,49476.58,M49158729,796451.77,40092.0,0,0
5,DEBIT,455339.18,C55721311,1312771.72,857432.54,M33883140,547062.99,1165137.82,0,0
9,TRANSFER,232221.97,C96149637,1070304.67,838082.7,C59538029,649952.1,1397667.34,0,0
1,PAYMENT,68770.51,C62431974,164047.37,95276.86,M28856153,753768.2,1707731.99,0,0
3,CASH_OUT,170414.44,C62857945,69878.49,0.0,C35693164,622009.19,280330.87,0,0
4,PAYMENT,82420.69,C21669729,1979512.83,1897092.14,M61686745,540079.32,1088366.3,0,0
1,DEBIT,85299.25,C15628573,60042.66,0.0,M87924587,749614.28,16016.28,0,0
1,TRANSFER,474054.68,C18091363,889056.51,415001.83,C23608519,727563.04,190187.3,0,0
8,CASH_IN,222628.6,C98847252,1009238.05,786609.45,M11079037,629872.4,108423.49,0,0
2,TRANSFER,394403.24,C40595197,234560.3,0.0,C55895950,359789.41,1450956.07,0,0
8,DEBIT,319806.38,C41218896,338123.56,18317.18,M47706383,405812.09,162119.13,0,0
7,TRANSFER,338216.42,C94814944,703610.01,365393.59,C46709632,970438.55,1432905.96,0,0
2,TRANSFER,65855.4,C49462985,1523351.75,1457496.35,C61187343,112385.93,499249.41,0,0
6,DEBIT,117099.88,C90458942,1014164.85,897064.97,M26889252,268504.92,1755425.92,0,0
6,TRANSFER,393377.3,C16508526,1275803.75,882426.45,C73103234,492401.76,1626299.98,0,0
3,CASH_OUT,485383.4,C90090793,1970349.11,1484965.71,C77998558,836729.69,1915660.43,0,0
2,CASH_OUT,131345.19,C18140594,1536010.87,1404665.68,C27367564,163675.66,1767524.03,0,0
1,TRANSFER,135791.67,C86429247,868723.0,732931.33,C59554295,276954.62,1866658.84,0,0
6,CASH_IN,236453.84,C40904375,892883.84,656430.0,M71481167,65798.22,1717484.79,0,0
5,DEBIT,491920.32,C46850216,1237544.15,745623.83,M72144660,705985.27,1386763.8,0,0
9,CASH_OUT,134486.78,C90539150,1330730.42,1196243.64,C72341557,238209.44,340518.3,0,0
1,CASH_IN,203491.89,C49989821,1001421.85,797929.96,M87637786,388674.75,543415.04,0,0
7,TRANSFER,445741.09,C59382042,1289722.45,843981.36,C47621413,443701.45,425453.93,0,0
5,CASH_IN,1470.49,C81243472,47064.99,45594.5,M14467801,891313.94,1207171.58,0,0
5,PAYMENT,19892.58,C34309567,859245.73,839353.15,M54068669,411330.29,1007239.88,0,0
2,CASH_OUT,302039.8,C11248749,557876.15,255836.35,C74643066,145225.02,1734159.99,0,0
3,TRANSFER,453691.01,C20987706,258348.89,0.0,C62515173,524314.94,1905345.73,0,0
7,DEBIT,119435.94,C94562417,199093.03,79657.09,M10693464,962957.99,809719.78,0,0
6,TRANSFER,234826.19,C26172473,1206384.33,971558.14,C19107338,607685.64,1012701.11,0,0
2,DEBIT,225238.15,C23849214,1047201.09,821962.94,M45131847,983387.22,1943032.71,0,0
6,TRANSFER,236490.94,C79205283,507168.23,270677.29,C47148256,841107.31,552477.88,0,0
2,CASH_IN,311263.62,C84274929,941900.12,630636.5,M92981492,35965.76,1584781.55,0,0
2,CASH_IN,234877.18,C47297350,984464.63,749587.45,M76186438,658399.6,450479.8,0,0
2,CASH_IN,223739.6,C39452300,390017.96,166278.36,M31445439,286766.88,1362920.23,0,0
3,PAYMENT,237149.47,C60875992,1304186.12,1067036.65,M44912788,559616.86,507231.26,0,0
2,DEBIT,295437.81,C36270139,1561838.71,1266400.9,M28292935,279345.19,1767466.78,0,0
4,CASH_IN,268508.37,C51991679,1582927.08,1314418.71,M30918642,348870.42,1122955.89,0,0
9,PAYMENT,427069.46,C20938814,1204939.66,777870.2,M35981941,923168.71,371867.28,0,0
6,DEBIT,24757.93,C67062361,1023277.17,998519.24,M44391998,206643.18,448738.35,0,0
1,TRANSFER,416660.2,C25467488,122014.29,0.0,C53099583,874109.12,987698.39,0,0
8,PAYMENT,421963.87,C52539722,575662.6,153698.73,M18483063,30457.81,1923204.05,0,0
7,CASH_OUT,142461.16,C38076568,186542.89,44081.73,C85232019,90876.54,1539284.33,0,0
3,PAYMENT,231431.35,C78989028,1927646.32,1696214.97,M70229895,854675.04,976619.29,0,0
1,PAYMENT,219274.86,C81485615,270160.29,50885.43,M61555629,630556.03,675438.29,0,0
5,DEBIT,109262.73,C60711717,303550.82,194288.09,M12336798,747236.14,1098536.99,0,0
4,TRANSFER,198404.46,C72918696,1779153.24,1580748.78,C39550065,209417.67,1496721.67,0,0
8,CASH_OUT,22203.44,C87656492,1887856.57,1865653.13,C75396719,537083.46,1567857.18,0,0
1,CASH_IN,138918.26,C71161815,1531658.08,1392739.82,M96044424,737219.22,649217.6,0,0
1,CASH_IN,408342.92,C93997037,10809.85,0.0,M38546713,627314.14,1442318.54,0,0
4,PAYMENT,142288.31,C81842935,2692.54,0.0,M23395337,471698.77,1315577.56,0,0
8,DEBIT,409105.15,C64645344,756201.54,347096.39,M95620508,959783.79,1918224.58,0,0
5,DEBIT,265804.42,C65186135,286790.74,20986.32,M47376501,676157.33,1862180.58,0,0
2,CASH_IN,439932.54,C29654884,36772.28,0.0,M13144787,907750.8,1578758.65,0,0
6,CASH_OUT,287394.03,C32221624,928133.38,640739.35,C18346988,729770.51,1446789.38,0,0
5,TRANSFER,14843.81,C35971841,1886123.79,1871279.98,C54221254,735463.53,548083.18,0,0
2,CASH_OUT,337713.35,C74897912,647639.15,309925.8,C85154255,80018.27,1691930.51,0,0
3,TRANSFER,22436.34,C95081424,1322281.36,1299845.02,C86255643,359464.62,855011.41,0,0
9,CASH_IN,225304.0,C86182800,1304470.71,1079166.71,M77606959,858369.41,544481.09,0,0
7,TRANSFER,464714.05,C33384180,502160.21,37446.16,C54110501,232603.86,768321.52,0,0
7,DEBIT,82610.32,C43970993,1300850.5,1218240.18,M75941662,115505.87,1671870.98,0,0
6,PAYMENT,194942.28,C91880157,424667.95,229725.67,M40046221,326106.06,297266.43,0,0
8,PAYMENT,364932.86,C88573735,244014.83,0.0,M71155552,220437.88,912317.48,0,0
4,CASH_IN,441130.46,C76259604,1402766.57,961636.11,M53433464,925288.19,984715.19,0,0
8,DEBIT,335474.79,C36935185,226881.63,0.0,M35187400,867966.64,73259.4,0,0
4,TRANSFER,821213.19,C50710838,1993818.44,0.0,C22061944,499683.23,391492.06,1,0
8,DEBIT,337307.18,C14801436,366904.8,29597.62,M21151870,61343.87,1653484.86,0,0
9,PAYMENT,148370.85,C89258185,1188283.73,1039912.88,M23911580,714562.35,1661534.78,0,0
3,PAYMENT,359217.43,C24212972,822749.14,463531.71,M80774706,623411.73,584830.17,0,0
3,DEBIT,477017.02,C16931344,252772.84,0.0,M54681008,970554.67,1749794.47,0,0
2,DEBIT,360699.51,C44179345,55687.82,0.0,M12791338,558953.24,1543565.88,0,0
3,PAYMENT,431441.62,C53464233,1245464.56,814022.94,M88408923,336393.72,835814.97,0,0
3,CASH_OUT,1061.9,C52861039,1613515.13,1612453.23,C91522052,519021.69,1496812.69,0,0
5,CASH_OUT,296844.05,C96814419,1684031.32,0.0,C87797929,979263.29,1922669.26,1,0
5,CASH_IN,414795.48,C53976804,965426.95,550631.47,M88950022,696362.43,917939.44,0,0
2,DEBIT,20288.96,C34150572,1554910.93,1534621.97,M18234025,671976.14,476854.36,0,0
6,CASH_IN,435800.15,C75877073,1345694.27,909894.12,M47499555,240681.59,1883633.0,0,0
5,PAYMENT,128354.55,C69115024,1448509.05,1320154.5,M20943336,743602.52,1207488.58,0,0
6,PAYMENT,332649.4,C75440781,985198.01,652548.61,M14768026,750271.83,210530.32,0,0
1,DEBIT,400179.44,C52192304,1266823.48,866644.04,M37329593,317288.98,1145365.63,0,0
5,DEBIT,331335.63,C26480387,1611051.83,1279716.2,M30860717,483713.83,1001161.78,0,0
9,DEBIT,46151.47,C72545233,795768.35,749616.88,M95666328,294603.33,1711177.79,0,0
2,CASH_OUT,298164.8,C18625146,1611957.8,1313793.0,C49681096,258705.07,1061390.38,0,0
1,CASH_IN,274796.33,C92367891,1184033.69,909237.36,M73780724,25896.07,510464.87,0,0
9,DEBIT,450161.63,C98595831,331802.05,0.0,M74044630,285211.74,1351288.13,0,0
9,TRANSFER,202125.82,C25802231,49368.31,0.0,C24375753,553969.95,1085150.91,0,0
9,TRANSFER,160547.34,C80717998,725507.2,564959.86,C65127465,1601.19,466089.26,0,0
6,PAYMENT,374927.88,C35319530,1093392.66,718464.78,M61111605,283219.08,1147255.72,0,0
8,CASH_IN,206343.54,C88838024,1679640.7,1473297.16,M79022844,881410.33,1643071.16,0,0
1,DEBIT,323051.63,C16630604,254971.36,0.0,M11507394,593648.59,57141.84,0,0
4,TRANSFER,323228.58,C40334030,1600412.7,1277184.12,C46534277,607862.82,1261702.08,0,0
1,CASH_IN,444020.65,C45341284,1726018.09,1281997.44,M79821052,403364.31,699170.39,0,0
8,PAYMENT,299350.21,C65654323,301374.97,2024.76,M52197305,676472.14,585342.89,0,0
1,CASH_OUT,251081.78,C90034329,1703188.64,1452106.86,C10910913,189932.77,785175.5,0,0
3,CASH_IN,69444.27,C85248344,1982907.14,1913462.87,M45611449,818746.81,684045.33,0,0
4,CASH_IN,57877.65,C26819353,1453677.66,1395800.01,M77762681,116689.12,1664478.21,0,0
8,CASH_OUT,77169.24,C60470573,1569539.36,1492370.12,C27773649,656001.35,549595.62,0,0
6,CASH_IN,85932.52,C41578449,1988830.54,1902898.02,M81217813,341149.33,1466306.05,0,0
7,PAYMENT,318942.17,C82521183,1210962.5,892020.33,M40506086,747512.97,188119.64,0,0
8,PAYMENT,370493.22,C97180980,615772.76,245279.54,M65005719,549764.55,1902792.74,0,0
2,CASH_OUT,265000.46,C22184706,1675061.67,1410061.21,C30981103,452353.04,1244633.27,0,0
8,DEBIT,414510.58,C43929665,1228971.56,814460.98,M90266451,169422.4,1413437.15,0,0
3,TRANSFER,495631.7,C57118304,1162390.85,666759.15,C76345536,636821.46,596078.66,0,0
7,DEBIT,410008.11,C24166825,507271.11,97263.0,M92325440,974769.84,824193.14,0,0
3,CASH_OUT,843986.85,C37726096,1512668.54,0.0,C17138512,825603.42,447556.77,1,0
7,TRANSFER,266251.02,C87232107,163334.55,0.0,C97922560,60008.19,1865072.17,0,0
2,CASH_OUT,808037.51,C62289440,1848574.14,0.0,C17567476,376229.38,976208.89,1,0
6,CASH_OUT,42205.35,C37320962,651646.92,609441.57,C19335411,925583.01,1260896.23,0,0
3,TRANSFER,199690.38,C74642096,255549.31,55858.93,C80595308,503043.75,1468544.06,0,0
3,PAYMENT,455068.22,C30279862,884733.07,429664.85,M84272221,662111.83,742212.18,0,0
9,TRANSFER,404013.23,C97777945,84939.82,0.0,C54038638,912599.35,1440203.31,0,0
7,CASH_IN,108033.52,C93774818,1369252.39,1261218.87,M42972546,873794.69,1351984.98,0,0
5,PAYMENT,233309.23,C83092807,1805411.02,1572101.79,M94354378,501820.38,1411318.67,0,0
7,CASH_OUT,408363.43,C64482227,1674526.01,1266162.58,C81439317,437646.3,978459.8,0,0
9,TRANSFER,33701.6,C53096931,254738.95,221037.35,C82279852,339692.62,765874.76,0,0
1,DEBIT,193702.42,C24999412,252542.27,58839.85,M46872089,719019.44,444164.38,0,0
7,DEBIT,425922.1,C42788085,1626868.96,1200946.86,M73671116,286986.8,1649252.71,0,0
6,CASH_IN,201954.89,C67318243,1848508.55,1646553.66,M72908951,249887.61,1216700.09,0,0
9,DEBIT,38816.55,C52168727,921339.66,882523.11,M92635262,356249.89,888704.39,0,0
1,TRANSFER,271271.76,C15539004,997942.23,726670.47,C73968713,177215.06,1887991.81,0,0
4,TRANSFER,430872.63,C96128445,636524.08,205651.45,C48555170,695119.82,95677.63,0,0
9,DEBIT,295146.87,C46316288,1788530.24,1493383.37,M41507991,616240.65,1700343.89,0,0
4,TRANSFER,113147.29,C95957168,1289805.81,1176658.52,C12660891,482878.53,1995165.19,0,0
3,CASH_IN,192125.97,C95999128,576503.15,384377.18,M25173091,390325.78,1773884.22,0,0
9,PAYMENT,225067.18,C10029813,597565.74,372498.56,M33773135,909062.54,1620873.17,0,0
2,CASH_IN,289637.38,C85188687,1782400.15,1492762.77,M98502247,29123.78,748611.99,0,0
4,CASH_IN,379677.92,C63543055,27268.05,0.0,M25978042,769107.74,462628.36,0,0
6,TRANSFER,49445.82,C65191993,645453.15,596007.33,C99884624,901909.57,1469701.04,0,0
2,CASH_OUT,128034.18,C99857223,1108713.36,0.0,C24514418,446354.58,609150.73,1,0
8,TRANSFER,6164.73,C66832859,296434.92,290270.19,C70684213,550690.49,352079.36,0,0
8,CASH_OUT,185032.47,C51850767,184197.51,0.0,C96228174,944463.69,1573051.77,0,0
1,TRANSFER,13719.88,C59582227,1630552.66,1616832.78,C12192271,212277.52,625087.3,0,0
3,TRANSFER,196493.18,C33424070,1788808.78,1592315.6,C59087758,520134.85,1828883.46,0,0
9,TRANSFER,262911.04,C11615181,1647212.84,1384301.8,C40183393,474721.13,1681265.29,0,0
5,PAYMENT,255845.58,C72044970,1797575.78,1541730.2,M96731456,258392.65,1695280.66,0,0
6,TRANSFER,82822.52,C92004633,1106223.94,1023401.42,C30733774,818593.23,1543139.45,0,0
4,PAYMENT,322873.8,C81143513,1624516.24,1301642.44,M33119427,899600.59,1761762.85,0,0
2,DEBIT,22398.78,C21527501,768085.28,745686.5,M54975402,781932.58,1611493.78,0,0
8,CASH_OUT,380955.79,C55789382,1332535.72,951579.93,C49385484,195358.96,1205022.73,0,0
6,PAYMENT,473322.75,C78459680,1977671.06,1504348.31,M75882505,86748.64,591645.44,0,0
5,DEBIT,169891.02,C69490604,451455.45,281564.43,M19978954,605444.49,1776418.39,0,0
9,PAYMENT,258624.52,C33544531,779799.49,521174.97,M57240145,57094.76,1681207.25,0,0
1,PAYMENT,189461.35,C63152706,960094.75,770633.4,M75201633,672825.89,945758.64,0,0
5,CASH_OUT,3365.13,C10458819,276030.97,272665.84,C68270822,530424.22,78157.37,0,0
6,CASH_IN,192943.39,C99239449,162077.22,0.0,M56377961,662785.73,1277087.45,0,0
5,CASH_IN,395862.21,C94330954,1659445.73,1263583.52,M18994006,590170.77,101193.71,0,0
6,PAYMENT,297998.46,C93330561,1953588.75,1655590.29,M98193990,422702.57,1852559.92,0,0
6,TRANSFER,50638.94,C99571725,809450.13,758811.19,C19976122,200877.18,1923262.51,0,0
7,DEBIT,423571.27,C37274525,175299.67,0.0,M97208998,305702.14,378980.29,0,0
4,TRANSFER,265547.36,C89107632,131623.52,0.0,C48826242,524500.57,1352778.76,0,0
8,TRANSFER,420863.26,C28831264,1782636.41,1361773.15,C48489803,651868.09,184538.01,0,0
7,TRANSFER,562780.94,C94949772,927628.5,0.0,C77368966,779483.02,1459033.86,1,0
9,PAYMENT,279848.63,C19332439,640054.63,360206.0,M26091184,767170.72,694575.33,0,0
7,PAYMENT,52638.54,C49627361,952922.54,900284.0,M99402905,972688.74,1362100.22,0,0
3,PAYMENT,83688.19,C55017835,636608.19,552920.0,M49372960,285841.45,745753.02,0,0
3,CASH_IN,486012.91,C57118996,978071.55,492058.64,M51768804,71110.71,291135.02,0,0
8,PAYMENT,114251.09,C89371163,1719112.79,1604861.7,M52090671,345656.94,812219.96,0,0
5,CASH_IN,488726.28,C14051939,1184602.74,695876.46,M11343054,743294.48,225347.05,0,0
4,CASH_IN,265961.03,C44424385,1389307.55,1123346.52,M87831169,438111.65,1153766.55,0,0
8,PAYMENT,67903.17,C46652488,729341.35,661438.18,M13159016,817788.43,81903.06,0,0
6,CASH_OUT,49660.11,C71036630,1477011.76,1427351.65,C95612414,549326.37,1054639.36,0,0
2,DEBIT,104439.95,C40325526,1333234.17,1228794.22,M63684678,929791.72,1772737.29,0,0
4,TRANSFER,462819.41,C64525264,239124.0,0.0,C28624415,947863.44,1675746.54,0,0
4,CASH_IN,207080.97,C67415983,1145285.71,938204.74,M71927699,69304.51,1765563.4,0,0
6,DEBIT,197723.18,C93367291,513486.99,315763.81,M76071025,456413.44,1844097.6,0,0
6,CASH_OUT,784766.2,C93400833,1608191.34,0.0,C45283619,609689.06,209055.78,1,0
1,TRANSFER,73539.45,C66755475,851875.42,778335.97,C21716383,255872.54,257494.41,0,0
8,TRANSFER,243930.72,C50228538,1989368.33,1745437.61,C98347675,407076.78,1114013.61,0,0
6,CASH_IN,65032.59,C15216813,185000.88,119968.29,M99703756,677681.54,1787945.34,0,0
3,PAYMENT,417741.76,C37923330,1560695.73,1142953.97,M97346176,226734.23,1948698.91,0,0
9,CASH_OUT,185204.79,C63689611,1347403.47,1162198.68,C11330363,601981.35,92523.83,0,0
2,CASH_IN,187408.04,C67405223,1534997.66,1347589.62,M13446839,697447.83,711548.17,0,0
8,CASH_OUT,237008.47,C94811073,615059.59,378051.12,C46667938,90496.31,425788.51,0,0
3,PAYMENT,222069.42,C60685439,984108.98,762039.56,M34944413,497529.32,1511931.7,0,0
5,PAYMENT,497429.04,C38606051,1593017.04,1095588.0,M91037304,263080.03,1280387.74,0,0
6,CASH_IN,272695.11,C61716173,465082.66,192387.55,M61892662,724386.36,239776.06,0,0
6,TRANSFER,910864.81,C57516431,452066.39,0.0,C56859992,189555.51,967044.13,1,0
4,DEBIT,303442.6,C77330285,1102101.91,798659.31,M73497807,892237.92,1370881.04,0,0
3,TRANSFER,75800.63,C35515141,1047127.16,971326.53,C81698233,430941.34,1558010.79,0,0
4,CASH_IN,15478.51,C71869073,564524.94,549046.43,M66953426,198003.03,40105.42,0,0
1,CASH_OUT,485371.37,C75896971,596151.3,110779.93,C71539904,438021.8,1780939.15,0,0
4,DEBIT,386771.71,C23938810,555690.33,168918.62,M67863492,408743.76,1138562.77,0,0
1,CASH_IN,490054.7,C97545077,1543024.12,1052969.42,M80366847,428918.96,1623818.23,0,0
1,PAYMENT,238944.45,C25300317,1303801.73,1064857.28,M84010930,585561.29,1615876.06,0,0
6,PAYMENT,266133.44,C67228660,1664834.37,1398700.93,M32851093,521173.72,379705.32,0,0
5,PAYMENT,84176.79,C90038962,1950946.06,1866769.27,M73852247,149777.13,220344.24,0,0
4,PAYMENT,123461.24,C28194407,948328.59,824867.35,M89151722,65579.07,1442574.54,0,0
3,CASH_OUT,419276.22,C30124742,133387.76,0.0,C73964268,729415.45,312853.84,0,0
1,DEBIT,178099.26,C56374447,96184.62,0.0,M51588083,559717.44,1699874.98,0,0
6,TRANSFER,413409.22,C93724371,591330.08,177920.86,C26578740,359000.77,1452378.97,0,0
2,CASH_OUT,354509.77,C42881204,1865089.18,1510579.41,C68979683,808357.82,1683650.73,0,0
8,CASH_OUT,88593.69,C63013126,1046426.11,957832.42,C55520547,388058.47,598025.36,0,0
5,TRANSFER,253728.11,C26310714,543573.03,289844.92,C85082019,795965.09,633196.12,0,0
7,TRANSFER,338696.89,C75176962,798333.59,459636.7,C87736627,305756.13,1342443.11,0,0
2,PAYMENT,117526.26,C49727481,1197190.21,1079663.95,M48531252,72845.3,62891.91,0,0
8,CASH_OUT,415345.95,C92051606,1305899.32,890553.37,C47297617,932639.69,1452993.49,0,0
2,CASH_IN,272418.38,C43384116,307839.02,35420.64,M54300721,394551.13,1671566.14,0,0
4,TRANSFER,82629.37,C27599780,1954063.35,1871433.98,C35880085,792692.57,830327.17,0,0
1,TRANSFER,291496.38,C54338446,1089544.45,798048.07,C55713473,279144.13,1529757.66,0,0
5,DEBIT,499856.9,C76774402,271376.64,0.0,M99654292,646365.11,349221.83,0,0
9,CASH_IN,75269.24,C48598748,1787270.51,1712001.27,M26037478,873310.87,644520.79,0,0
1,CASH_IN,408380.3,C32435781,149276.86,0.0,M85892270,41644.02,1948609.93,0,0
9,TRANSFER,103662.43,C87640857,1815470.87,1711808.44,C79154854,830635.76,1972656.35,0,0
8,PAYMENT,391196.34,C54011924,1993131.31,1601934.97,M48733084,571333.0,1025210.11,0,0
6,TRANSFER,864261.1,C51092244,1400863.6,0.0,C43313589,607471.75,1868539.58,1,0
7,CASH_IN,150251.69,C82307109,1540894.44,1390642.75,M78493913,523158.0,1045461.36,0,0
3,TRANSFER,162918.3,C70923719,674605.67,511687.37,C87596244,874475.1,583176.26,0,0
1,CASH_IN,396262.77,C55859287,1883153.71,1486890.94,M78607311,43433.36,533798.58,0,0
5,DEBIT,230728.14,C95871484,1059427.93,828699.79,M55184187,261028.39,1859011.41,0,0
2,DEBIT,365411.71,C77087885,1464776.89,1099365.18,M40053022,875762.54,344892.78,0,0
5,CASH_OUT,74000.59,C74773622,1848215.43,1774214.84,C76966770,752345.7,1159264.92,0,0
8,TRANSFER,426280.37,C12126861,1950359.95,1524079.58,C95431368,17645.16,1111050.14,0,0
9,DEBIT,355445.25,C47333769,1666408.71,1310963.46,M89600094,517006.28,1479243.37,0,0
2,CASH_OUT,453472.33,C33066405,606035.01,152562.68,C41637604,529572.68,998485.82,0,0
3,CASH_OUT,609562.62,C48243565,1933095.03,0.0,C28372339,400882.14,544571.32,1,0
3,CASH_IN,296511.32,C14178465,1256239.06,959727.74,M39380783,297393.33,338793.0,0,0
1,CASH_IN,299564.3,C49262729,1861284.95,1561720.65,M87496557,681724.85,1241637.61,0,0
8,CASH_OUT,176736.84,C41502969,1352210.05,1175473.21,C58127034,207790.46,1437981.51,0,0
6,CASH_IN,229238.63,C42769936,614477.92,385239.29,M82373346,798948.56,1139042.56,0,0
8,DEBIT,19000.4,C55704130,740049.05,721048.65,M42329657,803037.16,1476702.55,0,0
9,PAYMENT,372932.56,C15243762,1100943.55,728010.99,M39235129,415261.44,283042.4,0,0
5,DEBIT,274665.75,C68085120,1580029.68,1305363.93,M61723186,283548.01,1764940.39,0,0
3,CASH_OUT,28879.95,C18231691,635965.1,607085.15,C84328019,283878.18,1164791.02,0,0
5,CASH_OUT,340381.14,C39348355,1159462.33,819081.19,C67033458,482291.32,253687.85,0,0
5,DEBIT,233396.37,C88769065,691249.99,457853.62,M30884776,719579.22,923850.41,0,0
5,CASH_IN,17240.29,C52972556,1631538.81,1614298.52,M67324666,358868.69,1689583.48,0,0
3,CASH_IN,484804.17,C95582689,933456.19,448652.02,M26948452,610043.35,1795124.39,0,0
4,CASH_OUT,474556.58,C30346985,153445.65,0.0,C29787345,382484.46,529299.01,0,0
9,TRANSFER,256456.08,C14590723,332105.04,75648.96,C43644175,304523.19,1422531.65,0,0
9,CASH_IN,46845.27,C96698833,122209.34,75364.07,M56585219,24859.52,199970.49,0,0
2,DEBIT,377313.06,C48144196,998605.89,621292.83,M34203403,3914.11,67091.74,0,0
8,CASH_IN,245970.63,C80238849,212674.59,0.0,M97999004,227207.68,1120797.91,0,0
8,DEBIT,151230.71,C62450384,228279.94,77049.23,M11138422,406406.29,1389655.16,0,0
7,CASH_OUT,245714.17,C20232137,1882096.52,1636382.35,C77867659,851261.17,1591573.46,0,0
8,CASH_IN,261226.85,C29427719,1745310.14,1484083.29,M56951812,798484.24,680432.48,0,0
3,DEBIT,281360.22,C78227708,904173.19,622812.97,M62096336,267165.26,13050.82,0,0
6,CASH_OUT,220617.44,C54820786,1971610.64,1750993.2,C29735033,244540.44,959038.47,0,0
1,TRANSFER,302881.59,C89293706,373.06,0.0,C60571295,227322.07,31707.09,0,0
7,DEBIT,459368.17,C47448574,1227958.91,768590.74,M23962313,339237.34,183969.02,0,0
1,TRANSFER,181140.42,C17042049,1232856.35,1051715.93,C22872874,498198.72,653378.05,0,0
9,TRANSFER,362860.97,C58835195,914886.11,552025.14,C89591248,438667.77,874344.1,0,0
1,PAYMENT,447227.33,C92947380,793895.95,346668.62,M75860676,218273.2,558938.88,0,0
1,CASH_IN,227995.08,C49781091,910766.27,682771.19,M98400233,130451.41,1163730.53,0,0
7,DEBIT,221733.48,C53189769,829920.87,608187.39,M90236168,12577.81,110699.58,0,0
2,TRANSFER,301062.47,C12781652,1460984.95,1159922.48,C22186528,153963.24,289159.42,0,0
5,PAYMENT,295707.47,C42121967,270710.87,0.0,M32876131,705356.37,1390516.8,0,0
8,CASH_OUT,403296.61,C55327209,395278.44,0.0,C30549731,243638.57,284281.71,0,0
8,CASH_OUT,700094.72,C38715260,361036.46,0.0,C12942609,468601.81,1279550.4,1,0
3,TRANSFER,498061.51,C18836621,524941.17,26879.66,C87297672,591301.15,109369.24,0,0
7,CASH_IN,29745.19,C62617967,1050516.84,1020771.65,M35590456,886840.9,814764.56,0,0
3,PAYMENT,1593.89,C10931253,222417.49,220823.6,M25901724,888855.1,354818.94,0,0
6,TRANSFER,320102.75,C60874603,1736338.59,1416235.84,C45127164,745733.73,219272.57,0,0
6,CASH_IN,149224.47,C23968689,594723.06,445498.59,M37106417,35156.99,1134065.57,0,0
3,TRANSFER,120198.79,C41007197,325075.97,204877.18,C19898445,575070.42,1856671.54,0,0
7,DEBIT,155956.42,C89047699,1351242.62,1195286.2,M34794008,786583.47,109574.1,0,0
3,DEBIT,128031.22,C80416599,76172.6,0.0,M40719118,17288.04,843108.5,0,0
8,DEBIT,15404.72,C65122774,1239937.13,1224532.41,M23834629,549684.61,1415070.88,0,0
4,PAYMENT,485766.81,C20186886,1396396.86,910630.05,M12740855,857764.15,925375.66,0,0
1,DEBIT,110380.54,C38474248,429833.06,319452.52,M53434665,474102.08,1612991.89,0,0
4,CASH_IN,367017.54,C76073728,83928.15,0.0,M11380188,4106.2,359290.63,0,0
7,TRANSFER,381300.57,C35538969,727290.72,345990.15,C88625027,11013.36,1919188.41,0,0
4,CASH_OUT,464629.41,C88951845,197188.46,0.0,C17530577,416636.04,770325.26,0,0
6,CASH_IN,15284.42,C33463157,232955.7,217671.28,M96946545,155008.67,683139.27,0,0
9,CASH_IN,436025.45,C90486076,508522.46,72497.01,M17770032,664450.66,1749211.59,0,0
1,DEBIT,263617.82,C35851435,590935.85,327318.03,M55112491,708799.26,1127734.06,0,0
5,PAYMENT,316275.73,C25020117,1059940.68,743664.95,M79927631,177879.8,1032888.68,0,0
7,TRANSFER,322238.69,C46345673,1356783.77,1034545.08,C57474562,888533.29,1453955.84,0,0
1,PAYMENT,409900.7,C71357430,1185541.88,775641.18,M19850941,441907.84,1159668.48,0,0
4,TRANSFER,166710.33,C51592253,296720.67,130010.34,C86067689,142845.91,325031.29,0,0
6,TRANSFER,366528.26,C61552633,344172.06,0.0,C68843455,764251.6,1348395.25,0,0
2,PAYMENT,264293.77,C89076741,1757538.5,1493244.73,M74194661,789974.5,266937.76,0,0
5,CASH_IN,396699.07,C12604325,1116704.63,720005.56,M82639916,639295.47,1611715.41,0,0
1,TRANSFER,495273.11,C79870487,1739875.67,1244602.56,C83429865,853465.55,1979473.2,0,0
6,PAYMENT,100333.5,C62008498,743093.02,642759.52,M24235345,737372.97,754775.25,0,0
6,TRANSFER,497324.37,C80892663,1228800.01,731475.64,C37294649,882205.74,889511.8,0,0
4,CASH_OUT,44915.18,C25940295,1047326.83,1002411.65,C94310270,433888.05,92867.31,0,0
8,TRANSFER,308816.36,C87354231,638246.98,0.0,C40825017,747597.13,27466.38,1,0
4,DEBIT,22090.53,C97773012,939830.74,917740.21,M40249071,999751.56,1842838.67,0,0
8,TRANSFER,170897.78,C10432184,1004981.75,834083.97,C71399500,724931.2,257248.12,0,0
8,CASH_OUT,316456.84,C86707197,401541.95,85085.11,C75157827,114183.78,891557.5,0,0
5,DEBIT,34524.08,C96222886,630020.74,595496.66,M42023414,518318.72,1630709.25,0,0
4,DEBIT,2842.85,C73342551,1582819.5,1579976.65,M38388813,587347.79,1778637.52,0,0
2,TRANSFER,468546.14,C38500768,1831576.48,1363030.34,C87513779,174210.68,1038795.37,0,0
3,PAYMENT,410965.1,C17517201,719588.19,308623.09,M51078564,962891.63,1130065.05,0,0
3,TRANSFER,404593.49,C63239735,613944.56,209351.07,C22350251,175579.78,1339367.94,0,0
4,CASH_OUT,442213.29,C10658139,390394.33,0.0,C95990497,177557.92,1922764.94,0,0
4,DEBIT,350020.14,C63302072,1356982.34,1006962.2,M69529451,915167.14,1205339.92,0,0
5,TRANSFER,52211.02,C92969331,646199.4,593988.38,C32226820,465205.43,1118950.52,0,0
4,PAYMENT,199556.1,C18234955,1975499.08,1775942.98,M56153077,63188.28,29068.27,0,0
8,TRANSFER,361577.51,C97991593,651369.6,289792.09,C94784708,598187.5,161899.4,0,0
6,CASH_IN,140174.43,C42033050,788272.09,648097.66,M47315486,601826.35,1154343.25,0,0
6,PAYMENT,343706.31,C32992457,1206668.39,862962.08,M12396716,64500.76,1872480.78,0,0
8,CASH_OUT,12258.98,C31094509,1603368.59,1591109.61,C42121887,972522.5,1733382.7,0,0
7,DEBIT,153075.61,C76470904,939037.33,785961.72,M77001632,544029.97,1965157.85,0,0
8,TRANSFER,274569.68,C90518323,845312.07,570742.39,C88052989,559795.72,1055668.08,0,0
2,PAYMENT,316048.59,C22859305,1991275.67,1675227.08,M37509277,520115.41,1575861.88,0,0
9,CASH_IN,288524.56,C63393129,20987.28,0.0,M12057244,610731.78,1680800.66,0,0
1,PAYMENT,348881.16,C71452057,1790130.58,1441249.42,M24842498,264299.75,1296063.31,0,0
8,CASH_IN,3054.31,C55894422,298281.65,295227.34,M79816793,287241.35,677499.81,0,0
4,TRANSFER,337603.91,C32381281,1571850.55,0.0,C24240440,511339.09,939956.87,1,0
4,DEBIT,434473.44,C90330983,1235863.12,801389.68,M55791484,806685.85,1715834.14,0,0
5,CASH_OUT,340877.5,C43857878,683694.57,342817.07,C64259773,49864.58,597095.85,0,0
8,TRANSFER,56474.69,C11398558,1747749.91,1691275.22,C64456834,603404.21,1847486.26,0,0
5,PAYMENT,421038.8,C69705919,25814.46,0.0,M30115885,806778.14,459612.68,0,0
8,CASH_IN,121123.19,C79870022,453381.3,332258.11,M72542403,156917.27,1499032.83,0,0
1,CASH_IN,239135.16,C11717479,1133785.59,894650.43,M52567192,15022.54,1261118.47,0,0
9,PAYMENT,72606.8,C36964256,703084.52,630477.72,M54188812,312713.3,1499198.88,0,0
6,PAYMENT,355057.93,C11045716,1220754.99,865697.06,M84847531,588143.71,874695.14,0,0
3,TRANSFER,333430.54,C13823873,48220.39,0.0,C64692514,138283.17,1865282.13,0,0
8,CASH_OUT,105564.12,C63293585,232917.86,127353.74,C45858742,426122.37,1264944.4,0,0
9,CASH_IN,431701.75,C39260462,254192.48,0.0,M10976264,552321.5,576591.61,0,0
6,TRANSFER,200659.0,C76411424,378567.29,177908.29,C89591041,598883.09,1276910.14,0,0
7,CASH_OUT,146264.62,C88432484,918662.88,772398.26,C42507324,274411.72,573631.49,0,0
1,TRANSFER,76173.27,C47248225,1504257.4,1428084.13,C89978229,400029.64,587264.78,0,0
5,CASH_IN,133091.34,C59729314,1811077.68,1677986.34,M17299243,778339.23,799197.02,0,0
5,PAYMENT,11023.24,C83224626,1670745.06,1659721.82,M47482526,941214.69,1704860.84,0,0
4,PAYMENT,291632.91,C74910193,393775.74,102142.83,M88462955,861880.33,1000595.75,0,0
6,CASH_OUT,421116.95,C20509308,882301.1,461184.15,C32573102,564283.5,1357801.68,0,0
7,DEBIT,274494.73,C46108021,398823.2,124328.47,M71781572,410292.8,783935.48,0,0
9,CASH_OUT,109644.79,C95584493,528943.63,419298.84,C46020281,332956.61,527210.88,0,0
1,DEBIT,16844.25,C37696893,1007093.96,990249.71,M12933865,124956.57,1909280.32,0,0
6,TRANSFER,107321.89,C23027415,136218.05,28896.16,C84696009,106551.25,1207162.49,0,0
7,TRANSFER,208066.55,C65291772,436348.66,228282.11,C66361727,688357.62,1867902.68,0,0
3,CASH_IN,379808.12,C52124829,1870756.32,1490948.2,M74360247,259794.42,406826.0,0,0
8,DEBIT,93929.55,C64149428,932232.59,838303.04,M86079786,254661.69,293788.33,0,0
5,CASH_IN,359898.53,C34673161,890773.05,530874.52,M83256318,998195.05,1711645.81,0,0
9,PAYMENT,433468.06,C81279027,29134.31,0.0,M85016152,187925.96,1361834.43,0,0
5,DEBIT,226978.88,C15688505,494799.49,267820.61,M22229793,148059.76,373157.0,0,0
9,CASH_OUT,410717.78,C19190617,1732584.87,1321867.09,C62837348,98685.23,538719.4,0,0
4,PAYMENT,277333.13,C81414944,329256.86,51923.73,M10145693,579805.35,1601327.88,0,0
9,PAYMENT,318549.05,C40245806,830249.88,511700.83,M45204166,627863.83,907737.24,0,0
5,TRANSFER,853407.67,C24389772,28661.81,0.0,C22076798,365227.93,1341081.01,1,0
9,PAYMENT,231591.73,C67405223,956670.96,725079.23,M86408261,535413.34,636704.04,0,0
3,DEBIT,117334.37,C83913944,42042.21,0.0,M94771701,788399.53,762459.91,0,0
4,CASH_IN,151604.0,C26990019,1639219.11,1487615.11,M25244854,818104.17,1981425.12,0,0
9,PAYMENT,144992.16,C29033129,1649707.53,1504715.37,M89990594,957912.08,495234.17,0,0
6,DEBIT,281648.83,C34783762,1575484.38,1293835.55,M23542914,824267.99,1012912.75,0,0
2,TRANSFER,59985.65,C87951716,566728.14,506742.49,C34840217,564841.44,1688804.69,0,0
7,DEBIT,458396.68,C47770077,1674474.44,1216077.76,M52647864,179656.97,478446.43,0,0
2,CASH_IN,360330.37,C66982802,1085996.27,725665.9,M25276157,99763.56,830427.51,0,0
2,DEBIT,200728.8,C69974585,747616.22,546887.42,M75207703,54511.89,1230182.57,0,0
1,CASH_OUT,79320.49,C43400086,1250659.92,1171339.43,C14379845,666525.83,962376.3,0,0
3,CASH_IN,440997.26,C75320186,24682.09,0.0,M75028906,807536.26,919004.53,0,0
6,TRANSFER,411890.81,C12870581,285921.76,0.0,C75693883,508683.95,725019.46,0,0
8,CASH_OUT,360863.56,C68021583,1484587.08,1123723.52,C17150265,54714.17,1173292.66,0,0
9,DEBIT,135780.81,C33792448,488323.22,352542.41,M78812592,535470.57,1248745.4,0,0
7,CASH_IN,201229.29,C18120459,1196018.23,994788.94,M59802025,935749.26,1306579.08,0,0
4,TRANSFER,51383.1,C88992151,770205.21,718822.11,C14762315,597613.19,140736.22,0,0
6,CASH_OUT,94527.87,C65345697,1709611.56,1615083.69,C30154352,809427.49,1262068.35,0,0
5,TRANSFER,391510.49,C93964920,1904830.61,1513320.12,C55330881,800152.65,1906474.36,0,0
8,DEBIT,357522.21,C82517511,1767129.46,1409607.25,M31555046,932129.1,1081972.47,0,0
1,TRANSFER,296746.95,C77270161,541239.99,244493.04,C27036641,770228.77,1430534.17,0,0
1,PAYMENT,447864.41,C38135480,388325.74,0.0,M57815641,747700.51,1113464.62,0,0
6,TRANSFER,872220.94,C79040239,948869.79,0.0,C92944596,234102.66,1709481.24,1,0
2,TRANSFER,233489.33,C81352324,14668.3,0.0,C17604323,59925.16,1859166.19,0,0
5,DEBIT,170191.97,C45859865,51618.79,0.0,M81603757,517599.47,368439.8,0,0
1,CASH_OUT,661368.78,C75099165,1106581.28,0.0,C90400939,124434.21,873720.07,1,0
7,TRANSFER,41366.9,C15926069,1040898.81,999531.91,C86127930,962195.88,784764.2,0,0
1,DEBIT,465444.38,C30997458,1989163.98,1523719.6,M62299741,289924.76,810430.25,0,0
4,CASH_IN,413359.06,C16739202,403683.67,0.0,M16504938,852944.2,251048.36,0,0
9,CASH_IN,64973.66,C45641433,516207.86,451234.2,M84240254,387624.63,1627231.45,0,0
1,CASH_IN,282496.53,C75735271,227081.28,0.0,M80895996,323194.25,71532.49,0,0
4,PAYMENT,433275.33,C47010105,1835086.02,1401810.69,M42281467,935158.57,1056453.22,0,0
6,TRANSFER,285908.86,C73317241,1555622.49,1269713.63,C35961735,363322.57,1323756.78,0,0
6,PAYMENT,453600.84,C17605502,1644678.22,1191077.38,M39959777,390287.91,414938.88,0,0
8,DEBIT,471492.48,C35038411,1805527.58,1334035.1,M36891064,106091.78,1811700.38,0,0
1,PAYMENT,211198.04,C78840394,1049799.97,838601.93,M30814962,670446.67,1677098.41,0,0
7,DEBIT,188663.06,C16773329,902386.38,713723.32,M43635603,288839.41,942167.46,0,0
1,DEBIT,468161.21,C18530508,660782.95,192621.74,M96069528,585604.17,822297.86,0,0
7,CASH_OUT,337573.28,C82661476,1178429.23,840855.95,C44743570,591351.7,473135.85,0,0
3,CASH_IN,58020.18,C50643541,908556.79,850536.61,M12249476,719199.7,1459986.45,0,0
8,DEBIT,21155.45,C41861707,903131.17,881975.72,M63091022,745241.49,263487.6,0,0
3,CASH_OUT,282318.88,C83938177,1873855.73,1591536.85,C92030463,514452.43,1360475.51,0,0
1,TRANSFER,386294.0,C55316734,1968063.03,0.0,C91072455,330991.95,1684913.97,1,0
8,DEBIT,422125.91,C91991558,1592968.78,1170842.87,M19840850,837450.89,456943.15,0,0
3,DEBIT,337927.11,C40931929,1513516.18,1175589.07,M47018326,309865.65,1732854.81,0,0
2,PAYMENT,69566.53,C66544343,1361116.32,1291549.79,M44337690,507509.09,66646.4,0,0
1,PAYMENT,127123.15,C19057483,332149.7,205026.55,M95783079,401252.58,1825574.77,0,0
3,CASH_IN,437756.86,C14790287,118211.64,0.0,M40580703,855078.39,236724.46,0,0
2,DEBIT,91411.79,C27030294,1381452.63,1290040.84,M86858045,431918.53,1291518.36,0,0
2,TRANSFER,139226.92,C92555815,1457572.44,1318345.52,C87375359,386099.19,500164.94,0,0
6,PAYMENT,64809.03,C80210747,93945.98,29136.95,M62092849,689823.69,1673104.78,0,0
1,CASH_IN,338057.35,C99284936,1856103.5,1518046.15,M42053929,602441.11,1024600.72,0,0
2,DEBIT,471991.71,C10715295,182281.28,0.0,M12337180,107246.83,270482.38,0,0
6,DEBIT,134491.33,C28656014,571801.07,437309.74,M80594726,508168.81,1141983.14,0,0
3,TRANSFER,237708.55,C30777956,1344779.63,1107071.08,C98121120,735478.39,815765.22,0,0
4,CASH_IN,317173.53,C36158476,339745.19,22571.66,M32306770,992074.76,1322895.63,0,0
1,DEBIT,499733.13,C29135946,110831.78,0.0,M22792036,629146.83,1763806.57,0,0
8,PAYMENT,52412.98,C12080563,662292.98,609880.0,M67849810,370293.07,818778.26,0,0
7,TRANSFER,249290.41,C37006644,1531943.15,1282652.74,C92419296,226151.6,579761.36,0,0
7,CASH_IN,192566.21,C25956333,827357.36,634791.15,M71284718,872830.23,29030.19,0,0
3,TRANSFER,432911.42,C15243534,1305945.84,873034.42,C68008079,814565.21,1149678.08,0,0
3,PAYMENT,237989.11,C71396329,1159238.19,921249.08,M12757398,233922.82,804549.53,0,0
2,CASH_IN,55497.65,C42522999,44436.96,0.0,M43943174,200632.09,749298.44,0,0
1,TRANSFER,317215.73,C21065982,1977079.97,1659864.24,C44231367,715136.78,365870.64,0,0
7,CASH_OUT,385392.6,C68001158,82856.18,0.0,C87182596,314952.06,860110.69,0,0
7,PAYMENT,1450.6,C54667943,1935605.48,1934154.88,M21511913,306398.8,1968883.91,0,0
2,PAYMENT,429479.75,C96536607,1099728.36,670248.61,M23015771,152290.25,595508.31,0,0
7,PAYMENT,93019.64,C81970146,1926318.05,1833298.41,M39239156,263975.52,1199408.83,0,0
8,CASH_OUT,276039.16,C94680958,229507.2,0.0,C84902468,427507.56,1552973.76,0,0
1,CASH_OUT,207904.59,C12053262,980817.04,772912.45,C77509936,732838.34,1498315.65,0,0
9,DEBIT,359829.71,C37707220,339008.18,0.0,M50277273,336308.09,657548.57,0,0
7,TRANSFER,185587.1,C33226944,101949.75,0.0,C26674948,328604.34,1221720.17,0,0
3,DEBIT,434882.89,C40234634,1235058.23,800175.34,M45650069,284913.25,1742529.37,0,0
